green_threshold,red_threshold,GREEN_n,AMBER_n,RED_n,action_flips,changed_targets,tuning_runs,delta_runs_vs_prespecified,tuning_share_of_full,run_reduction_vs_full
0.85,0.7,10,14,0,6,30x10;60x20;70x10;70x20;80x20;90x20,1471,-4714,0.04903333333333333,0.9509666666666666
0.85,0.725,10,10,4,2,30x10;70x10,6007,-178,0.20023333333333335,0.7997666666666666
0.85,0.75,10,10,4,2,30x10;70x10,6007,-178,0.20023333333333335,0.7997666666666666
0.85,0.775,10,8,6,4,30x10;40x20;60x15;70x10,8320,2135,0.2773333333333333,0.7226666666666667
0.85,0.8,10,5,9,7,30x10;40x15;40x20;60x15;70x10;70x15;80x15,11722,5537,0.3907333333333333,0.6092666666666666
0.875,0.7,8,16,0,4,60x20;70x20;80x20;90x20,1649,-4536,0.054966666666666664,0.9450333333333334
0.875,0.725,8,12,4,0,,6185,0,0.20616666666666666,0.7938333333333334
0.875,0.75,8,12,4,0,,6185,0,0.20616666666666666,0.7938333333333334
0.875,0.775,8,10,6,2,40x20;60x15,8498,2313,0.28326666666666667,0.7167333333333333
0.875,0.8,8,7,9,5,40x15;40x20;60x15;70x15;80x15,11900,5715,0.39666666666666667,0.6033333333333333
0.9,0.7,8,16,0,4,60x20;70x20;80x20;90x20,1649,-4536,0.054966666666666664,0.9450333333333334
0.9,0.725,8,12,4,0,,6185,0,0.20616666666666666,0.7938333333333334
0.9,0.75,8,12,4,0,,6185,0,0.20616666666666666,0.7938333333333334
0.9,0.775,8,10,6,2,40x20;60x15,8498,2313,0.28326666666666667,0.7167333333333333
0.9,0.8,8,7,9,5,40x15;40x20;60x15;70x15;80x15,11900,5715,0.39666666666666667,0.6033333333333333
0.925,0.7,7,17,0,5,60x20;70x20;80x10;80x20;90x20,1738,-4447,0.05793333333333334,0.9420666666666666
0.925,0.725,7,13,4,1,80x10,6274,89,0.20913333333333334,0.7908666666666666
0.925,0.75,7,13,4,1,80x10,6274,89,0.20913333333333334,0.7908666666666666
0.925,0.775,7,11,6,3,40x20;60x15;80x10,8587,2402,0.28623333333333334,0.7137666666666667
0.925,0.8,7,8,9,6,40x15;40x20;60x15;70x15;80x10;80x15,11989,5804,0.39963333333333334,0.6003666666666667
0.95,0.7,5,19,0,7,30x5;60x20;70x20;80x10;80x20;90x10;90x20,1898,-4287,0.06326666666666667,0.9367333333333333
0.95,0.725,5,15,4,3,30x5;80x10;90x10,6434,249,0.21446666666666667,0.7855333333333333
0.95,0.75,5,15,4,3,30x5;80x10;90x10,6434,249,0.21446666666666667,0.7855333333333333
0.95,0.775,5,13,6,5,30x5;40x20;60x15;80x10;90x10,8747,2562,0.29156666666666664,0.7084333333333334
0.95,0.8,5,10,9,8,30x5;40x15;40x20;60x15;70x15;80x10;80x15;90x10,12149,5964,0.40496666666666664,0.5950333333333333
