varied_boundary,green_threshold,red_threshold,GREEN_n,AMBER_n,RED_n,action_flips,changed_targets,tuning_runs,delta_runs_vs_prespecified,run_reduction_vs_full
GREEN,0.85,0.75,10,10,4,2,30x10;70x10,6007,-178,0.7997666666666666
GREEN,0.875,0.75,8,12,4,0,,6185,0,0.7938333333333334
GREEN,0.89,0.75,8,12,4,0,,6185,0,0.7938333333333334
GREEN,0.9,0.75,8,12,4,0,,6185,0,0.7938333333333334
GREEN,0.91,0.75,7,13,4,1,80x10,6274,89,0.7908666666666666
GREEN,0.925,0.75,7,13,4,1,80x10,6274,89,0.7908666666666666
GREEN,0.95,0.75,5,15,4,3,30x5;80x10;90x10,6434,249,0.7855333333333333
RED,0.9,0.7,8,16,0,4,60x20;70x20;80x20;90x20,1649,-4536,0.9450333333333334
RED,0.9,0.725,8,12,4,0,,6185,0,0.7938333333333334
RED,0.9,0.74,8,12,4,0,,6185,0,0.7938333333333334
RED,0.9,0.76,8,12,4,0,,6185,0,0.7938333333333334
RED,0.9,0.775,8,10,6,2,40x20;60x15,8498,2313,0.7167333333333333
RED,0.9,0.8,8,7,9,5,40x15;40x20;60x15;70x15;80x15,11900,5715,0.6033333333333333
