target_index,target_id,target,reliability,baseline_action,distance_to_GREEN_threshold_pp,distance_to_RED_threshold_pp,local_AMBER_configurations_if_used,AMBER_runs_if_used,GREEN_runs_if_used,RED_runs_if_used
1,T01_30x5,30x5,0.931176224644,GREEN,3.117622464399994,18.117622464399997,12,71,0,1250
2,T02_30x10,30x10,0.859930548961,AMBER,-4.006945103900006,10.993054896099997,18,89,0,1250
3,T03_30x15,30x15,0.825327290416,AMBER,-7.467270958400007,7.532729041599994,18,89,0,1250
4,T04_30x20,30x20,0.800775887761,AMBER,-9.922411223900006,5.077588776099995,18,89,0,1250
5,T05_40x5,40x5,0.959208702146,GREEN,5.920870214599994,20.920870214599997,12,71,0,1250
6,T06_40x10,40x10,0.815452351326,AMBER,-8.4547648674,6.545235132600002,18,89,0,1250
7,T07_40x15,40x15,0.783472764483,AMBER,-11.652723551700007,3.347276448299996,27,116,0,1250
8,T08_40x20,40x20,0.760782886526,AMBER,-13.9217113474,1.0782886526000013,12,71,0,1250
9,T09_60x5,60x5,0.985023151519,GREEN,8.502315151899998,23.5023151519,27,116,0,1250
10,T10_60x10,60x10,0.830427900145,AMBER,-6.957209985500001,8.042790014500001,18,89,0,1250
11,T11_60x15,60x15,0.768244954952,AMBER,-13.175504504800006,1.8244954951999959,27,116,0,1250
12,T12_60x20,60x20,0.724125453208,RED,-17.5874546792,-2.5874546791999964,27,116,0,1250
13,T13_70x5,70x5,0.988464938992,GREEN,8.846493899200002,23.846493899200006,27,116,0,1250
14,T14_70x10,70x10,0.872258855587,AMBER,-2.774114441300002,12.2258855587,18,89,0,1250
15,T15_70x15,70x15,0.782818700943,AMBER,-11.718129905700003,3.281870094299999,27,116,0,1250
16,T16_70x20,70x20,0.719359901323,RED,-18.064009867700005,-3.0640098677000016,27,116,0,1250
17,T17_80x5,80x5,0.991446350912,GREEN,9.144635091199993,24.144635091199994,27,116,0,1250
18,T18_80x10,80x10,0.90849447739,GREEN,0.8494477389999977,15.849447739,18,89,0,1250
19,T19_80x15,80x15,0.795443053946,AMBER,-10.455694605400002,4.544305394600001,27,116,0,1250
20,T20_80x20,80x20,0.715231792509,RED,-18.4768207491,-3.476820749099996,27,116,0,1250
21,T21_90x5,90x5,0.994076142601,GREEN,9.407614260099994,24.407614260099997,27,116,0,1250
22,T22_90x10,90x10,0.940456560995,GREEN,4.045656099499995,19.045656099499997,18,89,0,1250
23,T23_90x15,90x15,0.806578522473,AMBER,-9.342147752700003,5.657852247299999,27,116,0,1250
24,T24_90x20,90x20,0.711590542479,RED,-18.8409457521,-3.8409457521,27,116,0,1250
