target_index,target_id,tolerance_pp,status,size,reliability,action,center_config,policy_config,center_signed_excess_pp,policy_signed_excess_pp,signed_change_policy_minus_center_pp,center_clipped_loss_pp,policy_clipped_loss_pp,clipped_loss_change_policy_minus_center_pp
2,T02_30x10,0.1,recovery,30x10,0.859930548961,AMBER,"(4, 0.85, 0.1)","(5, 0.85, 0.125)",0.1224682053697662,0.0329722091380143,-0.0894959962317519,0.1224682053697662,0.0329722091380143,-0.0894959962317519
6,T06_40x10,0.1,recovery,40x10,0.815452351326,AMBER,"(3, 0.85, 0.1)","(4, 0.8875, 0.075)",0.1136363636363636,-0.185606060606064,-0.2992424242424276,0.1136363636363636,0,-0.1136363636363636
7,T07_40x15,0.1,recovery,40x15,0.783473,AMBER,"(4, 0.8875, 0.1)","(4, 0.8875, 0.125)",0.1077441077441016,-0.0707070707070829,-0.17845117845118452,0.1077441077441016,0,-0.1077441077441016
12,T12_60x20,0.1,recovery,60x20,0.724125453208,RED,"(4, 0.925, 0.1)","(5, 0.925, 0.1)",0.2258635961027417,0.0708591674047789,-0.1550044286979628,0.2258635961027417,0.0708591674047789,-0.1550044286979628
16,T16_70x20,0.1,recovery,70x20,0.719359901323,RED,"(4, 0.925, 0.1)","(5, 0.8875, 0.075)",0.7408890668802564,-0.0881057268722394,-0.8289947937524957,0.7408890668802564,0,-0.7408890668802564
19,T19_80x15,0.1,recovery,80x15,0.795443053946,AMBER,"(3, 0.8875, 0.075)","(2, 0.8875, 0.1)",0.1059883412824589,-0.0918565624447945,-0.19784490372725339,0.1059883412824589,0,-0.1059883412824589
16,T16_70x20,0.25,recovery,70x20,0.719359901323,RED,"(4, 0.925, 0.1)","(5, 0.8875, 0.075)",0.7408890668802564,-0.0881057268722394,-0.8289947937524957,0.7408890668802564,0,-0.7408890668802564
24,T24_90x20,0.25,reverse,90x20,0.711590542479,RED,"(2, 0.8875, 0.05)","(3, 0.85, 0.05)",0.2396298132540076,0.2611138654767837,0.021484052222776134,0.2396298132540076,0.2611138654767837,0.021484052222776134
16,T16_70x20,0.5,recovery,70x20,0.719359901323,RED,"(4, 0.925, 0.1)","(5, 0.8875, 0.075)",0.7408890668802564,-0.0881057268722394,-0.8289947937524957,0.7408890668802564,0,-0.7408890668802564
15,T15_70x15,0.5,reverse,70x15,0.782818700943,AMBER,"(3, 0.8875, 0.1)","(4, 0.925, 0.075)",0.3163596966413947,0.5438786565547208,0.2275189599133261,0.3163596966413947,0.5438786565547208,0.2275189599133261
