target_index,target_id,size,action,reliability,tuning_runs,center_config,policy_config,center_signed_excess_pp,policy_signed_excess_pp,signed_change_policy_minus_center_pp,center_clipped_loss_pp,policy_clipped_loss_pp,clipped_change_policy_minus_center_pp
2,T02_30x10,30x10,AMBER,0.859930548961,89,"(4, 0.85, 0.1)","(5, 0.85, 0.125)",0.1224682053697662,0.0329722091380143,-0.0894959962317519,0.1224682053697662,0.0329722091380143,-0.0894959962317519
3,T03_30x15,30x15,AMBER,0.825327290416,89,"(5, 0.8875, 0.1)","(4, 0.925, 0.125)",-0.6623026569118213,-0.3504043126684636,0.3118983442433577,0,0,0
4,T04_30x20,30x20,AMBER,0.800775887761,89,"(5, 0.925, 0.1)","(5, 0.9625, 0.075)",-0.1685191825026826,-0.3155252778773656,-0.147006095374683,0,0,0
6,T06_40x10,40x10,AMBER,0.815452351326,89,"(3, 0.85, 0.1)","(4, 0.8875, 0.075)",0.1136363636363636,-0.185606060606064,-0.2992424242424276,0.1136363636363636,0,-0.1136363636363636
7,T07_40x15,40x15,AMBER,0.783473,116,"(4, 0.8875, 0.1)","(4, 0.8875, 0.125)",0.1077441077441016,-0.0707070707070829,-0.17845117845118452,0.1077441077441016,0,-0.1077441077441016
8,T08_40x20,40x20,AMBER,0.760783,71,"(5, 0.9625, 0.125)","(5, 0.925, 0.125)",-0.0996483001172359,-0.1201641266119684,-0.020515826494732506,0,0,0
10,T10_60x10,60x10,AMBER,0.830427900145,89,"(3, 0.85, 0.1)","(4, 0.85, 0.1)",-0.0189753320683062,-0.0813228517213336,-0.06234751965302741,0,0,0
11,T11_60x15,60x15,AMBER,0.768244954952,116,"(4, 0.8875, 0.1)","(3, 0.8875, 0.125)",0.3272186415468472,0.3495290034704985,0.022310361923651267,0.3272186415468472,0.3495290034704985,0.022310361923651267
12,T12_60x20,60x20,RED,0.724125453208,1250,"(4, 0.925, 0.1)","(5, 0.925, 0.1)",0.2258635961027417,0.0708591674047789,-0.1550044286979628,0.2258635961027417,0.0708591674047789,-0.1550044286979628
14,T14_70x10,70x10,AMBER,0.872258855587,89,"(3, 0.85, 0.1)","(3, 0.85, 0.125)",-0.0841953331729612,0,0.0841953331729612,0,0,0
15,T15_70x15,70x15,AMBER,0.782818700943,116,"(3, 0.8875, 0.1)","(4, 0.925, 0.075)",0.3163596966413947,0.5438786565547208,0.2275189599133261,0.3163596966413947,0.5438786565547208,0.2275189599133261
16,T16_70x20,70x20,RED,0.719359901323,1250,"(4, 0.925, 0.1)","(5, 0.8875, 0.075)",0.7408890668802564,-0.0881057268722394,-0.8289947937524957,0.7408890668802564,0,-0.7408890668802564
19,T19_80x15,80x15,AMBER,0.795443053946,116,"(3, 0.8875, 0.075)","(2, 0.8875, 0.1)",0.1059883412824589,-0.0918565624447945,-0.19784490372725339,0.1059883412824589,0,-0.1059883412824589
20,T20_80x20,80x20,RED,0.715231792509,1250,"(3, 0.925, 0.075)","(5, 0.85, 0.05)",-0.1541966006658521,-0.1541966006658521,0.0,0,0,0
23,T23_90x15,90x15,AMBER,0.806578522473,116,"(3, 0.8875, 0.075)","(2, 0.85, 0.1)",0.0723016009640182,-0.1773110690308174,-0.2496126699948356,0.0723016009640182,0,-0.0723016009640182
24,T24_90x20,90x20,RED,0.711590542479,1250,"(2, 0.8875, 0.05)","(3, 0.85, 0.05)",0.2396298132540076,0.2611138654767837,0.021484052222776134,0.2396298132540076,0.2611138654767837,0.021484052222776134
