target_index,target_id,n,m,action,reference_config,fresh_reference_mean,fresh_policy_mean,policy_signed_excess_pp,policy_vs_reference_order,fresh_center_mean,center_signed_excess_pp,center_vs_reference_order,policy_safe_025,center_safe_025
1,T01_30x5,30,5,GREEN,"(5, 1, 0.125)",1758.7,1761.4,0.1508379888268181,higher,1761.4,0.1508379888268181,higher,True,True
2,T02_30x10,30,10,AMBER,"(4, 0.925, 0.125)",2031.8,2032.5,0.0329722091380143,higher,2034.4,0.1224682053697662,higher,True,True
3,T03_30x15,30,15,AMBER,"(3, 0.85, 0.125)",2530.7,2521.6,-0.3504043126684636,lower,2513.5,-0.6623026569118213,lower,True,True
4,T04_30x20,30,20,AMBER,"(5, 0.85, 0.1)",2744.2,2735.4,-0.3155252778773656,lower,2739.5,-0.1685191825026826,lower,True,True
5,T05_40x5,40,5,GREEN,"(1, 0.85, 0.025)",2470.0,2470.0,0.0,equal,2470.0,0.0,equal,True,True
6,T06_40x10,40,10,AMBER,"(5, 0.925, 0.025)",2579.1,2574.2,-0.185606060606064,lower,2582.1,0.1136363636363636,higher,True,True
7,T07_40x15,40,15,AMBER,"(4, 1, 0.125)",2912.3,2910.2,-0.0707070707070829,lower,2915.5,0.1077441077441016,higher,True,True
8,T08_40x20,40,20,AMBER,"(5, 1, 0.125)",3318.8,3314.7,-0.1201641266119684,lower,3315.4,-0.0996483001172359,lower,True,True
9,T09_60x5,60,5,GREEN,"(1, 0.85, 0.05)",3588.0,3588.0,0.0,equal,3588.0,0.0,equal,True,True
10,T10_60x10,60,10,AMBER,"(1, 0.925, 0.075)",3622.5,3619.5,-0.0813228517213336,lower,3621.8,-0.0189753320683062,lower,True,True
11,T11_60x15,60,15,AMBER,"(5, 0.85, 0.1)",3931.5,3945.6,0.3495290034704985,higher,3944.7,0.3272186415468472,higher,False,False
12,T12_60x20,60,20,RED,"(5, 0.925, 0.075)",4340.5,4343.7,0.0708591674047789,higher,4350.7,0.2258635961027417,higher,True,True
13,T13_70x5,70,5,GREEN,"(1, 0.85, 0.025)",3685.4,3685.0,-0.0108548168249685,lower,3685.0,-0.0108548168249685,lower,True,True
14,T14_70x10,70,10,AMBER,"(3, 0.85, 0.125)",4100.8,4100.8,0.0,equal,4097.3,-0.0841953331729612,lower,True,True
15,T15_70x15,70,15,AMBER,"(5, 0.8875, 0.05)",4439.7,4464.8,0.5438786565547208,higher,4454.3,0.3163596966413947,higher,False,False
16,T16_70x20,70,20,RED,"(5, 0.85, 0.075)",4781.2,4776.8,-0.0881057268722394,lower,4818.2,0.7408890668802564,higher,True,False
17,T17_80x5,80,5,GREEN,"(1, 0.85, 0.05)",4415.9,4411.0,-0.1110859215597287,lower,4411.0,-0.1110859215597287,lower,True,True
18,T18_80x10,80,10,GREEN,"(2, 0.925, 0.075)",4509.4,4519.9,0.2283601565898216,higher,4519.9,0.2283601565898216,higher,True,True
19,T19_80x15,80,15,AMBER,"(2, 0.85, 0.075)",5473.5,5468.3,-0.0918565624447945,lower,5479.5,0.1059883412824589,higher,True,True
20,T20_80x20,80,20,RED,"(4, 0.85, 0.075)",5486.8,5478.0,-0.1541966006658521,lower,5478.0,-0.1541966006658521,lower,True,True
21,T21_90x5,90,5,GREEN,"(1, 0.8875, 0.05)",4882.2,4882.0,-0.0040933278755591,lower,4882.0,-0.0040933278755591,lower,True,True
22,T22_90x10,90,10,GREEN,"(1, 0.85, 0.075)",5429.7,5424.5,-0.094528267587708,lower,5424.5,-0.094528267587708,lower,True,True
23,T23_90x15,90,15,AMBER,"(1, 0.9625, 0.1)",5692.0,5681.7,-0.1773110690308174,lower,5696.2,0.0723016009640182,higher,True,True
24,T24_90x20,90,20,RED,"(2, 0.9625, 0.05)",5930.8,5946.6,0.2611138654767837,higher,5945.3,0.2396298132540076,higher,False,True
