anchor,baseline_safe_n,baseline_total,baseline_rate,omit_instance,safe_n,total_n,rate,delta_from_baseline_pp
20x5,749,840,0.8916666666666667,1,446,504,0.8849206349206349,-0.6746031746031833
20x5,749,840,0.8916666666666667,2,443,504,0.878968253968254,-1.2698412698412764
20x5,749,840,0.8916666666666667,3,429,504,0.8511904761904762,-4.047619047619055
20x5,749,840,0.8916666666666667,4,450,504,0.8928571428571429,0.1190476190476186
20x5,749,840,0.8916666666666667,5,453,504,0.8988095238095238,0.7142857142857117
20x5,749,840,0.8916666666666667,6,468,504,0.9285714285714286,3.690476190476189
20x5,749,840,0.8916666666666667,7,443,504,0.878968253968254,-1.2698412698412764
20x5,749,840,0.8916666666666667,8,440,504,0.873015873015873,-1.8650793650793696
20x5,749,840,0.8916666666666667,9,451,504,0.8948412698412699,0.3174603174603163
20x5,749,840,0.8916666666666667,10,471,504,0.9345238095238096,4.285714285714281
20x10,775,840,0.9226190476190476,1,472,504,0.9365079365079364,1.388888888888884
20x10,775,840,0.9226190476190476,2,468,504,0.9285714285714286,0.5952380952380931
20x10,775,840,0.9226190476190476,3,454,504,0.9007936507936508,-2.182539682539686
20x10,775,840,0.9226190476190476,4,462,504,0.9166666666666666,-0.5952380952381042
20x10,775,840,0.9226190476190476,5,471,504,0.9345238095238096,1.1904761904761862
20x10,775,840,0.9226190476190476,6,455,504,0.9027777777777778,-1.984126984126988
20x10,775,840,0.9226190476190476,7,495,504,0.9821428571428572,5.952380952380942
20x10,775,840,0.9226190476190476,8,458,504,0.9087301587301588,-1.388888888888895
20x10,775,840,0.9226190476190476,9,455,504,0.9027777777777778,-1.984126984126988
20x10,775,840,0.9226190476190476,10,460,504,0.9126984126984128,-0.9920634920634996
20x20,720,840,0.8571428571428571,1,421,504,0.8353174603174603,-2.182539682539675
20x20,720,840,0.8571428571428571,2,422,504,0.8373015873015873,-1.984126984126977
20x20,720,840,0.8571428571428571,3,468,504,0.9285714285714286,7.142857142857151
20x20,720,840,0.8571428571428571,4,426,504,0.8452380952380952,-1.1904761904761862
20x20,720,840,0.8571428571428571,5,422,504,0.8373015873015873,-1.984126984126977
20x20,720,840,0.8571428571428571,6,437,504,0.8670634920634921,0.9920634920634996
20x20,720,840,0.8571428571428571,7,434,504,0.8611111111111112,0.3968253968254065
20x20,720,840,0.8571428571428571,8,426,504,0.8452380952380952,-1.1904761904761862
20x20,720,840,0.8571428571428571,9,443,504,0.878968253968254,2.182539682539686
20x20,720,840,0.8571428571428571,10,421,504,0.8353174603174603,-2.182539682539675
50x5,824,840,0.9809523809523808,1,493,504,0.9781746031746033,-0.2777777777777768
50x5,824,840,0.9809523809523808,2,504,504,1.0,1.904761904761909
50x5,824,840,0.9809523809523808,3,495,504,0.9821428571428572,0.1190476190476186
50x5,824,840,0.9809523809523808,4,488,504,0.9682539682539684,-1.269841269841265
50x5,824,840,0.9809523809523808,5,498,504,0.988095238095238,0.7142857142857229
50x5,824,840,0.9809523809523808,6,498,504,0.988095238095238,0.7142857142857229
50x5,824,840,0.9809523809523808,7,493,504,0.9781746031746033,-0.2777777777777768
50x5,824,840,0.9809523809523808,8,489,504,0.9702380952380952,-1.0714285714285676
50x5,824,840,0.9809523809523808,9,492,504,0.9761904761904762,-0.4761904761904745
50x5,824,840,0.9809523809523808,10,494,504,0.98015873015873,-0.079365079365079
50x10,656,840,0.780952380952381,1,429,504,0.8511904761904762,7.023809523809521
50x10,656,840,0.780952380952381,2,378,504,0.75,-3.095238095238096
50x10,656,840,0.780952380952381,3,402,504,0.7976190476190477,1.6666666666666718
50x10,656,840,0.780952380952381,4,381,504,0.7559523809523809,-2.500000000000002
50x10,656,840,0.780952380952381,5,391,504,0.7757936507936508,-0.515873015873014
50x10,656,840,0.780952380952381,6,383,504,0.7599206349206349,-2.103174603174607
50x10,656,840,0.780952380952381,7,425,504,0.8432539682539683,6.23015873015873
50x10,656,840,0.780952380952381,8,386,504,0.7658730158730159,-1.5079365079365026
50x10,656,840,0.780952380952381,9,382,504,0.7579365079365079,-2.3015873015873045
50x10,656,840,0.780952380952381,10,379,504,0.751984126984127,-2.8968253968253976
50x20,613,840,0.7297619047619047,1,361,504,0.7162698412698413,-1.3492063492063444
50x20,613,840,0.7297619047619047,2,348,504,0.6904761904761905,-3.9285714285714257
50x20,613,840,0.7297619047619047,3,349,504,0.6924603174603174,-3.730158730158728
50x20,613,840,0.7297619047619047,4,401,504,0.7956349206349206,6.587301587301586
50x20,613,840,0.7297619047619047,5,369,504,0.7321428571428571,0.2380952380952372
50x20,613,840,0.7297619047619047,6,350,504,0.6944444444444444,-3.5317460317460303
50x20,613,840,0.7297619047619047,7,382,504,0.7579365079365079,2.8174603174603186
50x20,613,840,0.7297619047619047,8,346,504,0.6865079365079365,-4.325396825396821
50x20,613,840,0.7297619047619047,9,425,504,0.8432539682539683,11.349206349206352
50x20,613,840,0.7297619047619047,10,347,504,0.6884920634920635,-4.126984126984123
100x5,837,840,0.9964285714285714,1,503,504,0.998015873015873,0.1587301587301581
100x5,837,840,0.9964285714285714,2,501,504,0.9940476190476192,-0.2380952380952372
100x5,837,840,0.9964285714285714,3,501,504,0.9940476190476192,-0.2380952380952372
100x5,837,840,0.9964285714285714,4,501,504,0.9940476190476192,-0.2380952380952372
100x5,837,840,0.9964285714285714,5,503,504,0.998015873015873,0.1587301587301581
100x5,837,840,0.9964285714285714,6,503,504,0.998015873015873,0.1587301587301581
100x5,837,840,0.9964285714285714,7,504,504,1.0,0.3571428571428559
100x5,837,840,0.9964285714285714,8,504,504,1.0,0.3571428571428559
100x5,837,840,0.9964285714285714,9,501,504,0.9940476190476192,-0.2380952380952372
100x5,837,840,0.9964285714285714,10,501,504,0.9940476190476192,-0.2380952380952372
100x10,814,840,0.969047619047619,1,500,504,0.992063492063492,2.3015873015873045
100x10,814,840,0.969047619047619,2,482,504,0.9563492063492064,-1.269841269841265
100x10,814,840,0.969047619047619,3,484,504,0.9603174603174603,-0.8730158730158699
100x10,814,840,0.969047619047619,4,490,504,0.9722222222222222,0.3174603174603163
100x10,814,840,0.969047619047619,5,488,504,0.9682539682539684,-0.079365079365079
100x10,814,840,0.969047619047619,6,488,504,0.9682539682539684,-0.079365079365079
100x10,814,840,0.969047619047619,7,486,504,0.9642857142857144,-0.4761904761904745
100x10,814,840,0.969047619047619,8,485,504,0.9623015873015872,-0.6746031746031722
100x10,814,840,0.969047619047619,9,488,504,0.9682539682539684,-0.079365079365079
100x10,814,840,0.969047619047619,10,493,504,0.9781746031746033,0.9126984126984096
100x20,595,840,0.7083333333333334,1,336,504,0.6666666666666666,-4.166666666666674
100x20,595,840,0.7083333333333334,2,376,504,0.746031746031746,3.7698412698412676
100x20,595,840,0.7083333333333334,3,358,504,0.7103174603174603,0.1984126984126977
100x20,595,840,0.7083333333333334,4,338,504,0.6706349206349206,-3.7698412698412787
100x20,595,840,0.7083333333333334,5,346,504,0.6865079365079365,-2.182539682539686
100x20,595,840,0.7083333333333334,6,348,504,0.6904761904761905,-1.7857142857142905
100x20,595,840,0.7083333333333334,7,351,504,0.6964285714285714,-1.1904761904761973
100x20,595,840,0.7083333333333334,8,348,504,0.6904761904761905,-1.7857142857142905
100x20,595,840,0.7083333333333334,9,370,504,0.7341269841269841,2.57936507936507
100x20,595,840,0.7083333333333334,10,399,504,0.7916666666666666,8.333333333333325
