anchor,baseline_safe_n,baseline_total,baseline_rate,loo_min,loo_max,loo_width_pp,baseline_band,loo_bands,threshold_crossing
20x5,749,840,0.8916666666666667,0.8511904761904762,0.9345238095238096,8.333333333333348,AMBER,AMBER/GREEN,YES
20x10,775,840,0.9226190476190476,0.9007936507936508,0.9821428571428572,8.13492063492064,GREEN,GREEN,NO
20x20,720,840,0.8571428571428571,0.8353174603174603,0.9285714285714286,9.325396825396826,AMBER,AMBER/GREEN,YES
50x5,824,840,0.9809523809523808,0.9682539682539684,1.0,3.1746031746031633,GREEN,GREEN,NO
50x10,656,840,0.780952380952381,0.75,0.8511904761904762,10.119047619047617,AMBER,AMBER,NO
50x20,613,840,0.7297619047619047,0.6865079365079365,0.8432539682539683,15.674603174603174,RED,RED/AMBER,YES
100x5,837,840,0.9964285714285714,0.9940476190476192,1.0,0.595238095238082,GREEN,GREEN,NO
100x10,814,840,0.969047619047619,0.9563492063492064,0.992063492063492,3.5714285714285587,GREEN,GREEN,NO
100x20,595,840,0.7083333333333334,0.6666666666666666,0.7916666666666666,12.5,RED,RED/AMBER,YES
