target_index,target_id,size,action,tuning_runs,popmult_rep_sum_lower,popmult_rep_sum_upper,individual_generation_units_lower,individual_generation_units_upper,flowshop_eval_proxy_lower,flowshop_eval_proxy_upper,full_grid_individual_generation_units,full_grid_flowshop_eval_proxy
1,T01_30x5,30x5,GREEN,0,0,0,0,0,0,0,675000000,101250000000
2,T02_30x10,30x10,AMBER,89,335,391,80400000,93840000,24120000000,28152000000,900000000,270000000000
3,T03_30x15,30x15,AMBER,89,383,411,91920000,98640000,41364000000,44388000000,900000000,405000000000
4,T04_30x20,30x20,AMBER,89,390,418,93600000,100320000,56160000000,60192000000,900000000,540000000000
5,T05_40x5,40x5,GREEN,0,0,0,0,0,0,0,600000000,120000000000
6,T06_40x10,40x10,AMBER,89,246,302,88560000,108720000,35424000000,43488000000,1350000000,540000000000
7,T07_40x15,40x15,AMBER,116,436,492,156960000,177120000,94176000000,106272000000,1350000000,810000000000
8,T08_40x20,40x20,AMBER,71,309,337,111240000,121320000,88992000000,97056000000,1350000000,1080000000000
9,T09_60x5,60x5,GREEN,0,0,0,0,0,0,0,900000000,270000000000
10,T10_60x10,60x10,AMBER,89,246,302,132840000,163080000,79704000000,97848000000,2025000000,1215000000000
11,T11_60x15,60x15,AMBER,116,429,485,257400000,291000000,231660000000,261900000000,2250000000,2025000000000
12,T12_60x20,60x20,RED,1250,3750,3750,2475000000,2475000000,2970000000000,2970000000000,2475000000,2970000000000
13,T13_70x5,70x5,GREEN,0,0,0,0,0,0,0,1312500000,459375000000
14,T14_70x10,70x10,AMBER,89,239,295,150570000,185850000,105399000000,130095000000,2362500000,1653750000000
15,T15_70x15,70x15,AMBER,116,327,383,251790000,294910000,264379500000,309655500000,2887500000,3031875000000
16,T16_70x20,70x20,RED,1250,3750,3750,3412500000,3412500000,4777500000000,4777500000000,3412500000,4777500000000
17,T17_80x5,80x5,GREEN,0,0,0,0,0,0,0,2100000000,840000000000
18,T18_80x10,80x10,GREEN,0,0,0,0,0,0,0,2700000000,2160000000000
19,T19_80x15,80x15,AMBER,116,313,369,300480000,354240000,360576000000,425088000000,3600000000,4320000000000
20,T20_80x20,80x20,RED,1250,3750,3750,4200000000,4200000000,6720000000000,6720000000000,4200000000,6720000000000
21,T21_90x5,90x5,GREEN,0,0,0,0,0,0,0,2700000000,1215000000000
22,T22_90x10,90x10,GREEN,0,0,0,0,0,0,0,3037500000,2733750000000
23,T23_90x15,90x15,AMBER,116,313,369,366210000,431730000,494383500000,582835500000,4387500000,5923125000000
24,T24_90x20,90x20,RED,1250,3750,3750,5400000000,5400000000,9720000000000,9720000000000,5400000000,9720000000000
