target_id,target,baseline_reliability,baseline_action,actions_seen_across_90,flip_events,action_stable
T01_30x5,30x5,0.9311762246443238,GREEN,GREEN,0,True
T02_30x10,30x10,0.859930548961165,AMBER,AMBER,0,True
T03_30x15,30x15,0.8253272904164374,AMBER,AMBER,0,True
T04_30x20,30x20,0.8007758877613995,AMBER,AMBER,0,True
T05_40x5,40x5,0.9592087021457765,GREEN,GREEN,0,True
T06_40x10,40x10,0.8154523513255267,AMBER,AMBER,0,True
T07_40x15,40x15,0.7834727644833047,AMBER,AMBER,0,True
T08_40x20,40x20,0.7607828865259938,AMBER,AMBER/RED,5,False
T09_60x5,60x5,0.9850231515188562,GREEN,GREEN,0,True
T10_60x10,60x10,0.8304279001449277,AMBER,AMBER,0,True
T11_60x15,60x15,0.7682449549521136,AMBER,AMBER/RED,1,False
T12_60x20,60x20,0.7241254532083234,RED,AMBER/RED,2,False
T13_70x5,70x5,0.9884649389919204,GREEN,GREEN,0,True
T14_70x10,70x10,0.8722588555867836,AMBER,AMBER/GREEN,2,False
T15_70x15,70x15,0.7828187009427234,AMBER,AMBER,0,True
T16_70x20,70x20,0.7193599013225425,RED,AMBER/RED,3,False
T17_80x5,80x5,0.9914463509124576,GREEN,GREEN,0,True
T18_80x10,80x10,0.9084944773902341,GREEN,AMBER/GREEN,3,False
T19_80x15,80x15,0.7954430539463099,AMBER,AMBER,0,True
T20_80x20,80x20,0.7152317925094911,RED,AMBER/RED,2,False
T21_90x5,90x5,0.9940761426014457,GREEN,GREEN,0,True
T22_90x10,90x10,0.9404565609948595,GREEN,GREEN,0,True
T23_90x15,90x15,0.8065785224734847,AMBER,AMBER,0,True
T24_90x20,90x20,0.7115905424785844,RED,AMBER/RED,1,False
