perturbed_anchor,omit_instance,spearman_rho_center_clipped_loss,spearman_p_center_clipped_loss,spearman_rho_center_signed_excess,spearman_p_center_signed_excess,center_SAFE_AUC
100x10,1,-0.5073749099561927,0.011382442472765895,-0.3235486051698139,0.12300911495251923,0.8253968253968254
100x10,2,-0.5101626841867213,0.0108665229232197,-0.32485323664227284,0.12141902621112621,0.8412698412698413
100x10,3,-0.5208491520704139,0.009064237580391411,-0.3352902884219442,0.1092324288666522,0.8412698412698413
100x10,4,-0.5208491520704139,0.009064237580391411,-0.3352902884219442,0.1092324288666522,0.8412698412698413
100x10,5,-0.5208491520704139,0.009064237580391411,-0.3352902884219442,0.1092324288666522,0.8412698412698413
100x10,6,-0.5208491520704139,0.009064237580391411,-0.3352902884219442,0.1092324288666522,0.8412698412698413
100x10,7,-0.5208491520704139,0.009064237580391411,-0.3352902884219442,0.1092324288666522,0.8412698412698413
100x10,8,-0.5208491520704139,0.009064237580391411,-0.3352902884219442,0.1092324288666522,0.8412698412698413
100x10,9,-0.5208491520704139,0.009064237580391411,-0.3352902884219442,0.1092324288666522,0.8412698412698413
100x10,10,-0.5143443455325141,0.010128957310463028,-0.32920200821713586,0.11622665895952923,0.8253968253968254
100x20,1,-0.5259600714930497,0.008294321502929134,-0.34398783157167034,0.09978425234319356,0.8412698412698413
100x20,2,-0.5208491520704139,0.009064237580391411,-0.33442053410697153,0.11021218457712487,0.8412698412698413
100x20,3,-0.5208491520704139,0.009064237580391411,-0.3352902884219442,0.1092324288666522,0.8412698412698413
100x20,4,-0.5259600714930497,0.008294321502929134,-0.34398783157167034,0.09978425234319356,0.8412698412698413
100x20,5,-0.5268893295698924,0.008160353493260624,-0.344857585886643,0.09887389399917458,0.8412698412698413
100x20,6,-0.5268893295698924,0.008160353493260624,-0.344857585886643,0.09887389399917458,0.8412698412698413
100x20,7,-0.5268893295698924,0.008160353493260624,-0.344857585886643,0.09887389399917458,0.8412698412698413
100x20,8,-0.5268893295698924,0.008160353493260624,-0.344857585886643,0.09887389399917458,0.8412698412698413
100x20,9,-0.5208491520704139,0.009064237580391411,-0.33442053410697153,0.11021218457712487,0.8412698412698413
100x20,10,-0.4776386514972217,0.01825277242766457,-0.2822352752086145,0.18148111935097339,0.8412698412698413
100x5,1,-0.5208491520704139,0.009064237580391411,-0.3352902884219442,0.1092324288666522,0.8412698412698413
100x5,2,-0.5208491520704139,0.009064237580391411,-0.3352902884219442,0.1092324288666522,0.8412698412698413
100x5,3,-0.5208491520704139,0.009064237580391411,-0.3352902884219442,0.1092324288666522,0.8412698412698413
100x5,4,-0.5208491520704139,0.009064237580391411,-0.3352902884219442,0.1092324288666522,0.8412698412698413
100x5,5,-0.5208491520704139,0.009064237580391411,-0.3352902884219442,0.1092324288666522,0.8412698412698413
100x5,6,-0.5208491520704139,0.009064237580391411,-0.3352902884219442,0.1092324288666522,0.8412698412698413
100x5,7,-0.5208491520704139,0.009064237580391411,-0.3352902884219442,0.1092324288666522,0.8412698412698413
100x5,8,-0.5208491520704139,0.009064237580391411,-0.3352902884219442,0.1092324288666522,0.8412698412698413
100x5,9,-0.5208491520704139,0.009064237580391411,-0.3352902884219442,0.1092324288666522,0.8412698412698413
100x5,10,-0.5208491520704139,0.009064237580391411,-0.3352902884219442,0.1092324288666522,0.8412698412698413
20x10,1,-0.5208491520704139,0.009064237580391411,-0.3352902884219442,0.1092324288666522,0.8412698412698413
20x10,2,-0.5208491520704139,0.009064237580391411,-0.3352902884219442,0.1092324288666522,0.8412698412698413
20x10,3,-0.5143443455325141,0.010128957310463028,-0.32920200821713586,0.11622665895952923,0.8253968253968254
20x10,4,-0.5208491520704139,0.009064237580391411,-0.3352902884219442,0.1092324288666522,0.8412698412698413
20x10,5,-0.5208491520704139,0.009064237580391411,-0.3352902884219442,0.1092324288666522,0.8412698412698413
20x10,6,-0.5143443455325141,0.010128957310463028,-0.32920200821713586,0.11622665895952923,0.8253968253968254
20x10,7,-0.511091942263564,0.010698902423352941,-0.3326810254770264,0.11219103187772925,0.8412698412698413
20x10,8,-0.5143443455325141,0.010128957310463028,-0.32920200821713586,0.11622665895952923,0.8253968253968254
20x10,9,-0.5143443455325141,0.010128957310463028,-0.32920200821713586,0.11622665895952923,0.8253968253968254
20x10,10,-0.5143443455325141,0.010128957310463028,-0.32920200821713586,0.11622665895952923,0.8253968253968254
20x20,1,-0.5073749099561927,0.011382442472765895,-0.31876495643746444,0.12896883032430845,0.8253968253968254
20x20,2,-0.5073749099561927,0.011382442472765895,-0.31876495643746444,0.12896883032430845,0.8253968253968254
20x20,3,-0.5510500395678064,0.005257563374170114,-0.3839965300604108,0.06395148439194857,0.8571428571428571
20x20,4,-0.5073749099561927,0.011382442472765895,-0.31876495643746444,0.12896883032430845,0.8253968253968254
20x20,5,-0.5073749099561927,0.011382442472765895,-0.31876495643746444,0.12896883032430845,0.8253968253968254
20x20,6,-0.5208491520704139,0.009064237580391411,-0.3352902884219442,0.1092324288666522,0.8412698412698413
20x20,7,-0.5208491520704139,0.009064237580391411,-0.3352902884219442,0.1092324288666522,0.8412698412698413
20x20,8,-0.5073749099561927,0.011382442472765895,-0.31876495643746444,0.12896883032430845,0.8253968253968254
20x20,9,-0.5268893295698924,0.008160353493260624,-0.35094586609145134,0.09267309102622295,0.8412698412698413
20x20,10,-0.5073749099561927,0.011382442472765895,-0.31876495643746444,0.12896883032430845,0.8253968253968254
20x5,1,-0.5208491520704139,0.009064237580391411,-0.3352902884219442,0.1092324288666522,0.8412698412698413
20x5,2,-0.5208491520704139,0.009064237580391411,-0.3352902884219442,0.1092324288666522,0.8412698412698413
20x5,3,-0.5208491520704139,0.009064237580391411,-0.3352902884219442,0.1092324288666522,0.8412698412698413
20x5,4,-0.5208491520704139,0.009064237580391411,-0.3352902884219442,0.1092324288666522,0.8412698412698413
20x5,5,-0.5208491520704139,0.009064237580391411,-0.3352902884219442,0.1092324288666522,0.8412698412698413
20x5,6,-0.5101626841867213,0.0108665229232197,-0.32485323664227284,0.12141902621112621,0.8412698412698413
20x5,7,-0.5208491520704139,0.009064237580391411,-0.3352902884219442,0.1092324288666522,0.8412698412698413
20x5,8,-0.5208491520704139,0.009064237580391411,-0.3352902884219442,0.1092324288666522,0.8412698412698413
20x5,9,-0.5208491520704139,0.009064237580391411,-0.3352902884219442,0.1092324288666522,0.8412698412698413
20x5,10,-0.5101626841867213,0.0108665229232197,-0.32485323664227284,0.12141902621112621,0.8412698412698413
50x10,1,-0.49622381303407853,0.013652315571150143,-0.2996303615080669,0.15489626804372356,0.8412698412698413
50x10,2,-0.5412928297609565,0.006303161582111747,-0.3657316894459858,0.07882620011842251,0.8412698412698413
50x10,3,-0.5208491520704139,0.009064237580391411,-0.3352902884219442,0.1092324288666522,0.8412698412698413
50x10,4,-0.5412928297609565,0.006303161582111747,-0.3657316894459858,0.07882620011842251,0.8412698412698413
50x10,5,-0.5208491520704139,0.009064237580391411,-0.3352902884219442,0.1092324288666522,0.8412698412698413
50x10,6,-0.5259600714930497,0.008294321502929134,-0.35007611177647874,0.09354068054685476,0.8253968253968254
50x10,7,-0.49715307111092144,0.013449995302811314,-0.3005001158230395,0.15364358312516488,0.8412698412698413
50x10,8,-0.5171321197630426,0.00966063960899162,-0.337899551366862,0.10633157813911268,0.8253968253968254
50x10,9,-0.5259600714930497,0.008294321502929134,-0.35007611177647874,0.09354068054685476,0.8253968253968254
50x10,10,-0.5412928297609565,0.006303161582111747,-0.3657316894459858,0.07882620011842251,0.8412698412698413
50x20,1,-0.5143443455325141,0.010128957310463028,-0.32920200821713586,0.11622665895952923,0.8253968253968254
50x20,2,-0.5092334261098784,0.011036305702024095,-0.31876495643746444,0.12896883032430845,0.8412698412698413
50x20,3,-0.5180613778398855,0.009508576873804325,-0.33181127116205367,0.11319016568671521,0.8412698412698413
50x20,4,-0.5696352011046633,0.003665190435457206,-0.3987823534149453,0.05357247237764464,0.873015873015873
50x20,5,-0.5208491520704139,0.009064237580391411,-0.3352902884219442,0.1092324288666522,0.8412698412698413
50x20,6,-0.5180613778398855,0.009508576873804325,-0.33181127116205367,0.11319016568671521,0.8412698412698413
50x20,7,-0.5422220878377995,0.00619663162037045,-0.36660144376095843,0.0780634135195867,0.8571428571428571
50x20,8,-0.5092334261098784,0.011036305702024095,-0.31876495643746444,0.12896883032430845,0.8412698412698413
50x20,9,-0.5426867168762207,0.006143933860257637,-0.38660579300532866,0.062015918883684254,0.7777777777777778
50x20,10,-0.5092334261098784,0.011036305702024095,-0.31876495643746444,0.12896883032430845,0.8412698412698413
50x5,1,-0.5208491520704139,0.009064237580391411,-0.3352902884219442,0.1092324288666522,0.8412698412698413
50x5,2,-0.5208491520704139,0.009064237580391411,-0.3270276224297043,0.11880217133967999,0.8412698412698413
50x5,3,-0.5208491520704139,0.009064237580391411,-0.3352902884219442,0.1092324288666522,0.8412698412698413
50x5,4,-0.5208491520704139,0.009064237580391411,-0.3352902884219442,0.1092324288666522,0.8412698412698413
50x5,5,-0.5208491520704139,0.009064237580391411,-0.3352902884219442,0.1092324288666522,0.8412698412698413
50x5,6,-0.5208491520704139,0.009064237580391411,-0.3352902884219442,0.1092324288666522,0.8412698412698413
50x5,7,-0.5208491520704139,0.009064237580391411,-0.3352902884219442,0.1092324288666522,0.8412698412698413
50x5,8,-0.5208491520704139,0.009064237580391411,-0.3352902884219442,0.1092324288666522,0.8412698412698413
50x5,9,-0.5208491520704139,0.009064237580391411,-0.3352902884219442,0.1092324288666522,0.8412698412698413
50x5,10,-0.5208491520704139,0.009064237580391411,-0.3352902884219442,0.1092324288666522,0.8412698412698413
