target_index,target_id,n,m,historical_safe_rate_interpolated,action,G,matrix_seed,pop_mult,pc,pm,matrix_file,matrix_sha256,NEH,predicted_surface_sd_pp,CV_J,CV_M,BI,CV_WJ,CV_WM,Corr_M,CV_P
1,T01_30x5,30,5,0.931176224644,GREEN,6000,2026112706,3,1.0,0.125,Target01_30x5.csv,f2c9a7a1d8048a552ef76ba04c316679a2f45ec8e9dae62faefbe3b00a075007,1790,0.2550450974220472,0.2569235095759993,0.06156560915710022,1.0898747123497825,0.513118126383771,0.5451601532951169,0.028137265025409787,0.5478107405436846
2,T02_30x10,30,10,0.859930548961,AMBER,8000,2026112711,4,0.85,0.1,Target02_30x10.csv,24dda8f74833c8a9aa2cf9ce0e660be0009ca1d667304f37a40085b7d2bad9e5,2123,0.5166661997990724,0.18752307203400806,0.11302697551579863,1.1441053996859853,0.5796774875942651,0.590232040123117,0.00426424810371506,0.5931249908331822
3,T03_30x15,30,15,0.825327290416,AMBER,8000,2026112716,5,0.8875,0.1,Target03_30x15.csv,dd9334e85738ff0a29281333c0476cd2c3915804be5493f10a23e296a6daa9f4,2597,0.652199952691211,0.1530649625478662,0.07191861311858447,1.1093831000518404,0.5544866944179497,0.5623537178078926,0.015308053555365473,0.5648833793300548
4,T04_30x20,30,20,0.800775887761,AMBER,8000,2026112721,5,0.925,0.1,Target04_30x20.csv,91ddc0cdcf472f33d7a28788df68fc6f4ff6a32f8e1fa5507c4a7b890ac4db26,2789,0.6486477823666169,0.12608447210965232,0.10050904959932987,1.1814403956451558,0.579891093668439,0.5802899460234474,0.000860829487997593,0.5866464582988442
5,T05_40x5,40,5,0.959208702146,GREEN,4000,2026122706,2,1.0,0.125,Target05_40x5.csv,e33cf228496d3a8af238e42bf89c4853020a2304088e7b3ce1df04a5eb1ff80a,2470,-0.07014720059851672,0.26912914575771196,0.07733215995405983,1.1464720194647202,0.4776309939856809,0.5350248871729557,0.0692736318378687,0.5386575577561287
6,T06_40x10,40,10,0.815452351326,AMBER,9000,2026122711,3,0.85,0.1,Target06_40x10.csv,e551ebf53cf04395608dfa87485adcc224285e79bc18cf24c07d48f604fa498b,2640,0.3725983447258914,0.17434714309106947,0.07263972429654378,1.1480258293488441,0.5527492660054503,0.5692534446672494,-0.005473626893493153,0.5725142013154333
7,T07_40x15,40,15,0.783472764483,AMBER,9000,2026122716,4,0.8875,0.1,Target07_40x15.csv,36b831bdd2867db5a4222a0d7a97a4fff0dd93d1aced0a9d3ce10fd0942db984,2970,0.39549046968061796,0.15969577529112913,0.09915165852638369,1.2333033427918887,0.5807958708954037,0.5884957460276883,0.0061339587019375585,0.5940473998246237
8,T08_40x20,40,20,0.760782886526,AMBER,9000,2026122721,5,0.9625,0.125,Target08_40x20.csv,3ae9196bf7c65e72440db5b6ec5f6e967086c5efb7644b064b09d4d5d5203f28,3412,0.6090477238334393,0.1393625813375944,0.07592596667355381,1.1808136489486418,0.5702461230532364,0.5777050170964757,0.006648125830902006,0.5807272321737242
9,T09_60x5,60,5,0.985023151519,GREEN,4000,2026142706,2,0.9625,0.1,Target09_60x5.csv,07729b8d78ea2f1b5de81b006f123240e6eebb712d6a24029df049ef09c97ed8,3588,-0.1661416483194192,0.2323378246971704,0.0650806080798693,1.1259311135162666,0.4830159062857901,0.5150891540232003,0.01066178435419527,0.5175987257508737
10,T10_60x10,60,10,0.830427900145,AMBER,9000,2026142711,3,0.85,0.1,Target10_60x10.csv,3cf50b5e8b0d6b1972a83e023a62f24195cd7acff18a23a274c7c4267f6e26c5,3689,0.4432668497849877,0.19458189467644466,0.0511159697165177,1.0893835848162934,0.5579417638879628,0.5788794497316074,0.015349905483297909,0.5800649652090318
11,T11_60x15,60,15,0.768244954952,AMBER,10000,2026142716,4,0.8875,0.1,Target11_60x15.csv,642eaaa5b1576b53f753a3add9758f599108172d71a14d763c89a266662c3b99,4034,0.48029817111402634,0.1085238318851848,0.08982906971355793,1.160275655021834,0.5653209206263187,0.5721817164714113,-0.033101777999882766,0.5754902982040419
12,T12_60x20,60,20,0.724125453208,RED,11000,2026142721,4,0.925,0.1,Target12_60x20.csv,6b815dce5b7e05e838dd17e6625c4aaba0f1d187aeb33b25559dabc0b0a7eb8b,4516,0.765860298976986,0.13308109606752994,0.05829185158681367,1.099679094848976,0.5523764456536626,0.559551793906991,0.006028877554281377,0.5616729230683082
13,T13_70x5,70,5,0.988464938992,GREEN,5000,2026152706,2,0.925,0.1,Target13_70x5.csv,97a4449a2b96887d201f89087957857bb0ed04931221260a7ad3aec707a50295,3685,-0.050257343764544576,0.27935484978063313,0.05270748915134095,1.0959641255605381,0.5314853254983953,0.5814007748006851,0.039310575343222354,0.5823710186090558
14,T14_70x10,70,10,0.872258855587,AMBER,9000,2026152711,3,0.85,0.1,Target14_70x10.csv,9551a53629feb65e420f27b633208b9c452b85702263ebf16f5e02ea605bcc99,4157,0.43236946243084856,0.1800695454600114,0.07866240325139588,1.0876158864598833,0.5656147949451256,0.576560211166776,-0.0002503954581146791,0.579550272928513
15,T15_70x15,70,15,0.782818700943,AMBER,11000,2026152716,3,0.8875,0.1,Target15_70x15.csv,c7032a419c8a2b3fcf8b96924b5c617fffce6e0e5382191bc391de2a0d967053,4615,0.6208976756359458,0.15416645586803132,0.05956509040552409,1.096010188370811,0.555686762398185,0.5674391659764298,0.008541937439167278,0.5691088021493984
16,T16_70x20,70,20,0.719359901323,RED,13000,2026152721,4,0.925,0.1,Target16_70x20.csv,6d595e02ff5cfbc48c8e1eb6f7dda438db7d1427122beef6910c8b3ada91e98b,4994,0.8307637821497519,0.1257590845010045,0.05378192485825721,1.0830148558949455,0.5609313675706394,0.5671587878888806,-0.001099719317204218,0.5698811243233313
17,T17_80x5,80,5,0.991446350912,GREEN,7000,2026162706,2,0.8875,0.1,Target17_80x5.csv,4a7a1b91a97a8e2abe9f52137a9a93bb3ce22ed51245981cc68a4393bd164882,4411,-0.06828686700300793,0.26853616461648616,0.06257166470752226,1.1004382388911536,0.5581366422280603,0.5939384937265826,0.010333313562604118,0.5944514015997328
18,T18_80x10,80,10,0.90849447739,GREEN,9000,2026162711,3,0.85,0.075,Target18_80x10.csv,ac67883f9d709447f0b53f0fd214b940ec2a14ec4a6d525b2a09ad4ba9216d7f,4598,0.39602791606222515,0.1982772396987982,0.04631491397060485,1.0866693761430604,0.5588742375932512,0.5786949856017409,0.019649594620067292,0.5801189065640057
19,T19_80x15,80,15,0.795443053946,AMBER,12000,2026162716,3,0.8875,0.075,Target19_80x15.csv,79db37cf91d58c8201327d723894c0940889db67f249f948aa0c6e23a45a74a3,5661,0.2521249788890424,0.15248530393678242,0.10542769984863079,1.2281428689815197,0.5678662898108622,0.5740723499269312,0.005162265633822556,0.5785935133169938
20,T20_80x20,80,20,0.715231792509,RED,14000,2026162721,3,0.925,0.075,Target20_80x20.csv,41fdd102a1b20e90dcb521b62e37a9f9adf0c95410e80943e05d41d0a1b291cf,5707,0.8201190703457336,0.12322483547040747,0.06117538410735505,1.0801924130792182,0.5489827415629053,0.553883564430165,-0.0013133660297202205,0.5564937099364142
21,T21_90x5,90,5,0.994076142601,GREEN,8000,2026172706,2,0.8875,0.075,Target21_90x5.csv,ff36d87d2037f7476467d7808e4b612f2b2102398a3a5c010e466013d46113af,4886,-0.01812689806168785,0.2568998293508095,0.03758406736879795,1.0509803921568628,0.5308031425928366,0.5676550782971652,0.0070726702585578675,0.5688888288158369
22,T22_90x10,90,10,0.940456560995,GREEN,9000,2026172711,3,0.85,0.075,Target22_90x10.csv,5cbbaf8028d813a9e39647a405b76c2bb43564c35ed331b1ab290f3aec4b3543,5501,0.242425944645167,0.17574340754684703,0.06704602219743673,1.1167831108996127,0.5350343071739404,0.5494627686815414,0.002127899445327033,0.5513119275082481
23,T23_90x15,90,15,0.806578522473,AMBER,13000,2026172716,3,0.8875,0.075,Target23_90x15.csv,06e1a2af0fbb3575d83ed88afb8280cfb4ea56ffa40cb64dfdf9312c77007406,5809,0.49518011894752967,0.1464153869226924,0.05884575895230061,1.1185771322763567,0.5324872952369438,0.5435348573074278,0.006578774878646751,0.5450898172015587
24,T24_90x20,90,20,0.711590542479,RED,16000,2026172721,2,0.8875,0.05,Target24_90x20.csv,d387669a3434bb417d63aefd379e6679ef5e29ab9ed0437bab652df5cb148979,6051,0.6058522001753621,0.12859953346520486,0.06407146098236785,1.160147070398147,0.5602853620904426,0.5675278277771028,0.0016141070378447907,0.5694024555563779
