target_index,target_id,n,m,action,NEH,G,historical_safe_rate_interpolated,predicted_surface_sd_pp,center_pop_mult,center_pc,center_pm,policy_pop_mult,policy_pc,policy_pm,oracle_pop_mult,oracle_pc,oracle_pm,surface_sd_pp,V025,fresh_policy_mean,fresh_oracle_mean,fresh_center_mean,policy_signed_excess_pp,policy_safe,center_signed_excess_pp,center_safe,policy_tuning_runs,policy_clipped_regret_pp,center_clipped_regret_pp
1,T01_30x5,30,5,GREEN,1790,6000,0.931176224644,0.2550450974220472,3,1,0.125,3,1,0.125,5,1,0.125,0.211577008544727,0.08,1761.4,1758.7,1761.4,0.1508379888268181,True,0.1508379888268181,True,0,0.1508379888268181,0.1508379888268181
2,T02_30x10,30,10,AMBER,2123,8000,0.859930548961,0.5166661997990724,4,0.85,0.1,5,0.85,0.125,4,0.925,0.125,0.7446695834997147,0.048,2032.5,2031.8,2034.4,0.0329722091380143,True,0.1224682053697662,True,89,0.0329722091380143,0.1224682053697662
3,T03_30x15,30,15,AMBER,2597,8000,0.825327290416,0.652199952691211,5,0.8875,0.1,4,0.925,0.125,3,0.85,0.125,0.7736850268175192,0.12,2521.6,2530.7,2513.5,-0.3504043126684636,True,-0.6623026569118213,True,89,0,0
4,T04_30x20,30,20,AMBER,2789,8000,0.800775887761,0.6486477823666169,5,0.925,0.1,5,0.9625,0.075,5,0.85,0.1,0.6785735238086249,0.064,2735.4,2744.2,2739.5,-0.3155252778773656,True,-0.1685191825026826,True,89,0,0
5,T05_40x5,40,5,GREEN,2470,4000,0.959208702146,-0.0701472005985167,2,1,0.125,2,1,0.125,1,0.85,0.025,0.0185013970034105,1,2470,2470,2470,0,True,0,True,0,0,0
6,T06_40x10,40,10,AMBER,2640,9000,0.815452351326,0.3725983447258914,3,0.85,0.1,4,0.8875,0.075,5,0.925,0.025,0.5155947793952043,0.2,2574.2,2579.1,2582.1,-0.185606060606064,True,0.1136363636363636,True,89,0,0.1136363636363636
7,T07_40x15,40,15,AMBER,2970,9000,0.783473,0.39549,4,0.8875,0.1,4,0.8875,0.125,4,1,0.125,0.5700798264496305,0.104,2910.2,2912.3,2915.5,-0.0707070707070829,True,0.1077441077441016,True,116,0,0.1077441077441016
8,T08_40x20,40,20,AMBER,3412,9000,0.760783,0.609048,5,0.9625,0.125,5,0.925,0.125,5,1,0.125,0.7166121171055643,0.176,3314.7,3318.8,3315.4,-0.1201641266119684,True,-0.0996483001172359,True,71,0,0
9,T09_60x5,60,5,GREEN,3588,4000,0.985023,-0.166142,2,0.9625,0.1,2,0.9625,0.1,1,0.85,0.05,0.0118557646392014,1,3588,3588,3588,0,True,0,True,0,0,0
10,T10_60x10,60,10,AMBER,3689,9000,0.830427900145,0.443267,3,0.85,0.1,4,0.85,0.1,1,0.925,0.075,0.0983465674300292,0.448,3619.5,3622.5,3621.8,-0.0813228517213336,True,-0.0189753320683062,True,89,0,0
11,T11_60x15,60,15,AMBER,4034,10000,0.768244954952,0.4802981711140263,4,0.8875,0.1,3,0.8875,0.125,5,0.85,0.1,0.5238234042045701,0.336,3945.6,3931.5,3944.7,0.3495290034704985,False,0.3272186415468472,False,116,0.3495290034704985,0.3272186415468472
12,T12_60x20,60,20,RED,4516,11000,0.724125453208,0.765860298976986,4,0.925,0.1,5,0.925,0.1,5,0.925,0.075,0.7630663761421028,0.152,4343.7,4340.5,4350.7,0.0708591674047789,True,0.2258635961027417,True,1250,0.0708591674047789,0.2258635961027417
13,T13_70x5,70,5,GREEN,3685,5000,0.988464938992,-0.0502573437645445,2,0.925,0.1,2,0.925,0.1,1,0.85,0.025,0.0163302133466034,1,3685,3685.4,3685,-0.0108548168249685,True,-0.0108548168249685,True,0,0,0
14,T14_70x10,70,10,AMBER,4157,9000,0.872258855587,0.4323694624308485,3,0.85,0.1,3,0.85,0.125,3,0.85,0.125,0.2456500088750635,0.08,4100.8,4100.8,4097.3,0,True,-0.0841953331729612,True,89,0,0
15,T15_70x15,70,15,AMBER,4615,11000,0.782818700943,0.6208976756359458,3,0.8875,0.1,4,0.925,0.075,5,0.8875,0.05,0.692669018160062,0.016,4464.8,4439.7,4454.3,0.5438786565547208,False,0.3163596966413947,False,116,0.5438786565547208,0.3163596966413947
16,T16_70x20,70,20,RED,4994,13000,0.719359901323,0.8307637821497519,4,0.925,0.1,5,0.8875,0.075,5,0.85,0.075,0.8502871165641428,0.08,4776.8,4781.2,4818.2,-0.0881057268722394,True,0.7408890668802564,False,1250,0,0.7408890668802564
17,T17_80x5,80,5,GREEN,4411,7000,0.991446350912,-0.0682868670030079,2,0.8875,0.1,2,0.8875,0.1,1,0.85,0.05,0.0103088711174285,1,4411,4415.9,4411,-0.1110859215597287,True,-0.1110859215597287,True,0,0,0
18,T18_80x10,80,10,GREEN,4598,9000,0.90849447739,0.3960279160622251,3,0.85,0.075,3,0.85,0.075,2,0.925,0.075,0.3110295269532436,0.088,4519.9,4509.4,4519.9,0.2283601565898216,True,0.2283601565898216,True,0,0.2283601565898216,0.2283601565898216
19,T19_80x15,80,15,AMBER,5661,12000,0.795443053946,0.2521249788890424,3,0.8875,0.075,2,0.8875,0.1,2,0.85,0.075,0.1586730108859718,0.064,5468.3,5473.5,5479.5,-0.0918565624447945,True,0.1059883412824589,True,116,0,0.1059883412824589
20,T20_80x20,80,20,RED,5707,14000,0.715231792509,0.8201190703457336,3,0.925,0.075,5,0.85,0.05,4,0.85,0.075,0.6510990970550582,0.272,5478,5486.8,5478,-0.1541966006658521,True,-0.1541966006658521,True,1250,0,0
21,T21_90x5,90,5,GREEN,4886,8000,0.994076142601,-0.0181268980616878,2,0.8875,0.075,2,0.8875,0.075,1,0.8875,0.05,0.019867873728547,1,4882,4882.2,4882,-0.0040933278755591,True,-0.0040933278755591,True,0,0,0
22,T22_90x10,90,10,GREEN,5501,9000,0.940456560995,0.242425944645167,3,0.85,0.075,3,0.85,0.075,1,0.85,0.075,0.0875725218080735,0.864,5424.5,5429.7,5424.5,-0.094528267587708,True,-0.094528267587708,True,0,0,0
23,T23_90x15,90,15,AMBER,5809,13000,0.806578522473,0.4951801189475296,3,0.8875,0.075,2,0.85,0.1,1,0.9625,0.1,0.3108591895312366,0.056,5681.7,5692,5696.2,-0.1773110690308174,True,0.0723016009640182,True,116,0,0.0723016009640182
24,T24_90x20,90,20,RED,6051,16000,0.711590542479,0.6058522001753621,2,0.8875,0.05,3,0.85,0.05,2,0.9625,0.05,0.34266263727859164,0.032,5946.6,5930.8,5945.3,0.2611138654767837,False,0.2396298132540076,True,1250,0.2611138654767837,0.2396298132540076
