relative_path,bytes,sha256
01_Historical_GA_Results/100Job/GaStructure_100Job_All_Results_With_Seeds.xlsx,3741204,879201351fc0ff5add020572017f8f36a83e93f44213609a4c3edeb5d675075e
01_Historical_GA_Results/100Job/Ta100x20_Canonical_595/CANONICAL_595_RECONSTRUCTION_AUDIT.json,1467,c5a3f71664cb667a9d5802b3ff2100eedd81a7ef03604c24f9ab647f3d780d6d
01_Historical_GA_Results/100Job/Ta100x20_Canonical_595/README_Ta100x20_Canonical_595.md,2624,60b175993aa66c867ff0234fbd7a9172c1b006f013757abd7c2dd22d2b9e3083
01_Historical_GA_Results/100Job/Ta100x20_Canonical_595/Ta100x20_120split_policies_prespecified.csv,12382,2a2c81ab6217024d9fb2b527a689f72cba2db948fe1f97d863a48fa4a547fc3e
01_Historical_GA_Results/100Job/Ta100x20_Canonical_595/Ta100x20_3to7_holdout_observations_840.csv,129032,13e14ae1716f064a5b77b66752787117b01e274b10685a01f279876915594eb0
01_Historical_GA_Results/100Job/Ta100x20_Canonical_595/Ta100x20_NEH_reference.csv,100,af823befb78e3fac89d0565a518d17d70196c6873638307f3541cf08679276d7
01_Historical_GA_Results/100Job/Ta100x20_Canonical_595/Ta100x20_fresh_runplan_790.csv,23431,3d6d767c1f9226c088db38d1e5c3761b3e88cee5e54220d34aba4b6de541670e
01_Historical_GA_Results/100Job/Ta100x20_Canonical_595/Ta100x20_fresh_validation_QA.csv,418,a6f075eba3b813db1b5f643945a57b968473f54ced583dcc3b61050dd161f93c
01_Historical_GA_Results/100Job/Ta100x20_Canonical_595/Ta100x20_fresh_validation_complete_790.csv,314109,c7ef846a8cf2c1f33a3a6ce934005429e7be1d5ddad5f91a7c6962a13a2bca4e
01_Historical_GA_Results/100Job/Ta100x20_Canonical_595/Ta100x20_fresh_validation_plan.csv,4447,73d7ab510f666daced096b378fea2a07d6dac5df5e6953d4f7f7d60d9282377e
01_Historical_GA_Results/100Job/Ta100x20_Canonical_595/Ta100x20_split_policy_frequencies.csv,317,a84b4bbf5c0046be7e1949308de12d8f9ad681f9c9c69b5d162ec89cf3a83a39
01_Historical_GA_Results/100Job/Ta100x20_Canonical_595/Ta100x20_transfer_overall_summary.csv,777,36b774e718014d65bae8bb1e1aa537f83ff26d26be024484b0b0b9f986d8c8c8
01_Historical_GA_Results/100Job/Ta100x20_Canonical_595/Ta100x20_transfer_split_summary.csv,12264,a4b626b402667e64e08d44d9b56a91690d0ec0cc75fa5db9f84931afed889584
01_Historical_GA_Results/100Job/Ta100x20_Canonical_595/Ta100x20_transfer_target_summary.csv,1360,80bc2a7d03bd3f3efc781572a66187db48508d6361c67bd11713a2e55494bf1e
01_Historical_GA_Results/100Job/Ta100x20_Canonical_595/main/Ta100x20_inst01_main_G17000_R10_complete.csv,494812,12ed57beb2df7611c43e0c0778d58ae673436423cf7d91bedd94b8e2ce0f5ac9
01_Historical_GA_Results/100Job/Ta100x20_Canonical_595/main/Ta100x20_inst02_main_G17000_R10_complete.csv,494826,9daeb2eb922aeb51b3ee7a46884f0b7423bfe7064d6e2c0ce52fc296da31f1dc
01_Historical_GA_Results/100Job/Ta100x20_Canonical_595/main/Ta100x20_inst03_main_G17000_R10_complete.csv,495537,235353202fe88d8dac893542416a2c22554a2aa68cc53ee19b77f5d830c7eca2
01_Historical_GA_Results/100Job/Ta100x20_Canonical_595/main/Ta100x20_inst04_main_G17000_R10_complete.csv,496563,5e98b0f5145622b07ce3572920f32eec10996ae6fcc17e291153811ed762854b
01_Historical_GA_Results/100Job/Ta100x20_Canonical_595/main/Ta100x20_inst05_main_G17000_R10_complete.csv,494469,38db93d6ce1b7b3c09db1c32ef1ddfe457730b20cc841aa1c7b34c5e9ead50db
01_Historical_GA_Results/100Job/Ta100x20_Canonical_595/main/Ta100x20_inst06_main_G17000_R10_complete.csv,494827,ad287fad121c37c6bfa726f1ed7cf19a8b24fc3639caf623efd88315abd6e8e4
01_Historical_GA_Results/100Job/Ta100x20_Canonical_595/main/Ta100x20_inst07_main_G17000_R10_complete.csv,494953,5ecd6e11c317dacebfec198b479a4204a5b013013b75353a29b33aa695725755
01_Historical_GA_Results/100Job/Ta100x20_Canonical_595/main/Ta100x20_inst08_main_G17000_R10_complete.csv,494810,b5f34bdcc0e152762dd8ef7fa473fc892c6b218e161f4220c0bc5256cdb89b0d
01_Historical_GA_Results/100Job/Ta100x20_Canonical_595/main/Ta100x20_inst09_main_G17000_R10_complete.csv,494981,289195baf8e914e104e83818919e12cc50e14310f378935b6fa04d3efa4e4fbe
01_Historical_GA_Results/100Job/Ta100x20_Canonical_595/main/Ta100x20_inst10_main_G17000_R10_complete.csv,496084,2fc22a221fd09903c56a8338a0603b24a34685098030f9e2e9971bd6fcd3da94
01_Historical_GA_Results/100Job/Ta100x20_Canonical_595/matrices/Ta100x20_01.csv,5898,edfc4342b134d7ffada4b50afe26d87a08444bab3868daf83bac5e6bac6f5409
01_Historical_GA_Results/100Job/Ta100x20_Canonical_595/matrices/Ta100x20_02.csv,5914,8f42fd61a51e3d03e94599b634d47eae3d0783c9ecd4d4e3f83d655d913a6177
01_Historical_GA_Results/100Job/Ta100x20_Canonical_595/matrices/Ta100x20_03.csv,5899,7a7d4a8b85d5539af0d0d9408169c583ad6070a770d6723e0d0ee236b982e568
01_Historical_GA_Results/100Job/Ta100x20_Canonical_595/matrices/Ta100x20_04.csv,5906,e68d391c80f8484b8cd097ce1086f420c8ce0ac733b728e7dc6707f7592dcbfc
01_Historical_GA_Results/100Job/Ta100x20_Canonical_595/matrices/Ta100x20_05.csv,5923,eeaa25f128901b4f0b20b68e1ac164ff022f82aae3a1f333a3b04f2c60fda455
01_Historical_GA_Results/100Job/Ta100x20_Canonical_595/matrices/Ta100x20_06.csv,5893,e0361a194cece23bdfcb3ada78841bc99e6cffdc5a0acea4b62f4321328aa78c
01_Historical_GA_Results/100Job/Ta100x20_Canonical_595/matrices/Ta100x20_07.csv,5893,490e3795ee9abd59c5867501a990a20e2ee365c8bc42d71a2f7bff90c5e25294
01_Historical_GA_Results/100Job/Ta100x20_Canonical_595/matrices/Ta100x20_08.csv,5937,a18479c9aac0b141f247da568af7149e5bdd73a1a8aab9a5750c8db720446dd3
01_Historical_GA_Results/100Job/Ta100x20_Canonical_595/matrices/Ta100x20_09.csv,5920,c07517e1da83ef82fab63302353cada2c0b04509ecc7bbf58ad6221425dc09ad
01_Historical_GA_Results/100Job/Ta100x20_Canonical_595/matrices/Ta100x20_10.csv,5894,cbc1ef6ba490550d81205bb8640b0f8d11400efe10dbd39cc895e022d142ecbf
01_Historical_GA_Results/20Job/GaStructure_20Job_All_Results_With_Seeds.xlsx,3300803,d032ec885d93a42111ff67d090f86104f6004bdb38236f9322882238b0a0a448
01_Historical_GA_Results/50Job/GaStructure_50Job_Complete_37500_QA.csv,452,523d35f28d17ec48c1296bff7b582d8551e460ba9e973c74598fd7a2b6d6fb04
01_Historical_GA_Results/50Job/GaStructure_50Job_Complete_37500_Runs.csv,6223009,d9e5fbefd70bf0cfd3bb0d8acc46bdf8d19a3e2d409b4d16f2ac04881044b9de
01_Historical_GA_Results/50Job/README_50JOB.md,979,2936dbeb45a69ab95da5c6b20812b5e3cfec119fa0509595272f873af00807ea
01_Historical_GA_Results/50Job/matrices/Ta50x10_01.csv,1506,c260e96043cf22148168c75e4c8164ba43fa29426410ed57b1a0879388d114c7
01_Historical_GA_Results/50Job/matrices/Ta50x10_02.csv,1501,61afdb2f17bb33ce994b20765a2e3dc7858b622261b7a00b62ace2cd9b1447f9
01_Historical_GA_Results/50Job/matrices/Ta50x10_03.csv,1491,812240a9d077f6bc132dec0465d8322a9a6482d7037e10b1103dacb21ba898ac
01_Historical_GA_Results/50Job/matrices/Ta50x10_04.csv,1506,1a76845c59d3a152bb22a629b68198a0547a2011a47b9af10460524dbdb39fed
01_Historical_GA_Results/50Job/matrices/Ta50x10_05.csv,1502,2ac4f6f469ad1dc06e5918ff51f851cc137f245be18b47bc9bba4b31ace39cae
01_Historical_GA_Results/50Job/matrices/Ta50x10_06.csv,1507,b958875c4072d51afc6d3fed4cd7cec49fa9efcb2053e41c70c674690786c065
01_Historical_GA_Results/50Job/matrices/Ta50x10_07.csv,1502,d0b136a855c39007b42fd4db3c1fa26db09a0ab93b6a673f48477bf4b753088d
01_Historical_GA_Results/50Job/matrices/Ta50x10_08.csv,1505,953f0bab06bd1a8776cac5ae741602d978ecee0daf6084cca7b10ac865312202
01_Historical_GA_Results/50Job/matrices/Ta50x10_09.csv,1498,2831c229eec80bfb51dc7b050df0509826f4496fb38871b9825581fa776ecbd1
01_Historical_GA_Results/50Job/matrices/Ta50x10_10.csv,1506,9584b72360c939799b6abebeff7cd7f9a6c284993e36525671e00ea24e942d61
01_Historical_GA_Results/50Job/matrices/Ta50x20_01.csv,2979,75772f4f18b91ffb647dc42cdccca52ce763bfafa257c49f0878db3cd4b7b9ef
01_Historical_GA_Results/50Job/matrices/Ta50x20_02.csv,2956,f7f7d7716a2b71074c2857bf8bd2cb8263adbe6684442b2dd577a0e6ab365226
01_Historical_GA_Results/50Job/matrices/Ta50x20_03.csv,2941,f0c5db549cd9ff07ed9db98e33f3aeb9f78d06f349fa75ca08f2dea9aad43170
01_Historical_GA_Results/50Job/matrices/Ta50x20_04.csv,2946,14d5aef2c466253dc30f51dcce30d6e946c02fcc3de160174293d219e00e5d70
01_Historical_GA_Results/50Job/matrices/Ta50x20_05.csv,2951,e9c61ec95041847f8fcfc5d75e0e70ed0fe12310643ce840bb359824ec452e13
01_Historical_GA_Results/50Job/matrices/Ta50x20_06.csv,2959,0c9a99a04668799558c1df410083f00ee4a64cfc9be3573e3668726303badb2b
01_Historical_GA_Results/50Job/matrices/Ta50x20_07.csv,2953,2a09975d8cdd99a6f842a73090211c6b9d943c1cebef29634c6b21ee6f41c87a
01_Historical_GA_Results/50Job/matrices/Ta50x20_08.csv,2940,a98a7aa8d4dc18b9a2eeb770730554c09e2ed85c20d5ea22142646178a03a11c
01_Historical_GA_Results/50Job/matrices/Ta50x20_09.csv,2953,a55f295f64befba3b74986b5f19a213d7802512d5a43ba2d0e7ea4ba21c9f6f4
01_Historical_GA_Results/50Job/matrices/Ta50x20_10.csv,2960,721d59ab54d66fed62193a0e2c48be5c9bcefecbd388d9fc849a5681171e6792
01_Historical_GA_Results/50Job/matrices/Ta50x5_01.csv,779,e4db2a8cb0914fe11a59545c3ce595625db9492b9f8225d3bf235175bd773a26
01_Historical_GA_Results/50Job/matrices/Ta50x5_02.csv,780,a06325372fee2b0136a76415b4d37a20eef5341ce6f27a6f56b5a5b3fe9db67b
01_Historical_GA_Results/50Job/matrices/Ta50x5_03.csv,772,a412fc82f6e48ae9411bc82b7fd9ead813ee3cd43e0b45a322a229484c9831c7
01_Historical_GA_Results/50Job/matrices/Ta50x5_04.csv,777,d4fbb34d5bd83e59da32faba29ab66304aae48330c197923bbebbfb14740e41d
01_Historical_GA_Results/50Job/matrices/Ta50x5_05.csv,776,736f2dbd71644e3802766aa11e71521751c137a9fc8f05212d21f5deca734717
01_Historical_GA_Results/50Job/matrices/Ta50x5_06.csv,777,dfb7dfc1a2af878e85183cf06d99f6cb7c273c03e2adc32b2ce1d4412ea816bb
01_Historical_GA_Results/50Job/matrices/Ta50x5_07.csv,775,f91914953f4195e9ce11248a387bfe04d39af855c2f8f2ab373000f676f7ede1
01_Historical_GA_Results/50Job/matrices/Ta50x5_08.csv,774,990674318c44d67378d3bd544274f92af2016d32adc7b7d85be253516119beb6
01_Historical_GA_Results/50Job/matrices/Ta50x5_09.csv,777,a427be58784e6d0a9f5b47d163e426f0186df040746066d6157ff640d58ba9f9
01_Historical_GA_Results/50Job/matrices/Ta50x5_10.csv,779,c5b8cf7388560be28e865a7f8dc4672525dfd8d0e59a4471c746d70a86a460a6
01_Historical_GA_Results/50Job_Independent_Fresh_Revalidation/GaStructure_50Job_All_Available_Results_With_Independent_Fresh_Revalidation.xlsx,1266014,b2941c268e7fa536dd96c96dc57cb100099e00f192d97b50ccd05363fe1a4305
01_Historical_GA_Results/Current_Manuscript_Historical_Anchor_Summary.csv,1398,bd5c84c48cf0ba5aff724211aed39363f7d1840474c5675eef795b13009f83b2
02_Prospective_24_Target_Results/PROSPECTIVE_DATA_DICTIONARY.txt,2229,0ba3ad21daf31f331f80307085ea2a1a1341ded7553f3e1e4a3bda412b094a2e
02_Prospective_24_Target_Results/PROSPECTIVE_MATRIX_REPLAY_CLARIFICATION.md,879,48851a6a6d241105503adf94cee7a920a8a87b0794dfda86118a4ddeb6eab1f0
02_Prospective_24_Target_Results/Prospective_24_Target_Design_Prespecified.csv,7711,1cdb186bcf2ae602287baa7ad5e4b46f2e12f190f89477f7ce33d8591cb3bebf
02_Prospective_24_Target_Results/Prospective_24_Target_Final_Evaluation.xlsx,28876,0135ae0c5255b383574f0d1a4743555e5db690d16311521327452cf2564edbab
02_Prospective_24_Target_Results/Prospective_24_Target_Summary.csv,5580,4772a7e985e04d1ef4cfc821db0f05ad0f04aba4a0a257d9fd31a80f34111c8a
02_Prospective_24_Target_Results/README.md,1016,3b99322dcc6a8f4d855b13265de93d3d595214fc15694b2e11b86b32feace1c9
02_Prospective_24_Target_Results/matrices/Target01_30x5.csv,437,f2c9a7a1d8048a552ef76ba04c316679a2f45ec8e9dae62faefbe3b00a075007
02_Prospective_24_Target_Results/matrices/Target02_30x10.csv,870,24dda8f74833c8a9aa2cf9ce0e660be0009ca1d667304f37a40085b7d2bad9e5
02_Prospective_24_Target_Results/matrices/Target03_30x15.csv,1313,dd9334e85738ff0a29281333c0476cd2c3915804be5493f10a23e296a6daa9f4
02_Prospective_24_Target_Results/matrices/Target04_30x20.csv,1737,91ddc0cdcf472f33d7a28788df68fc6f4ff6a32f8e1fa5507c4a7b890ac4db26
02_Prospective_24_Target_Results/matrices/Target05_40x5.csv,585,e33cf228496d3a8af238e42bf89c4853020a2304088e7b3ce1df04a5eb1ff80a
02_Prospective_24_Target_Results/matrices/Target06_40x10.csv,1162,e551ebf53cf04395608dfa87485adcc224285e79bc18cf24c07d48f604fa498b
02_Prospective_24_Target_Results/matrices/Target07_40x15.csv,1753,36b831bdd2867db5a4222a0d7a97a4fff0dd93d1aced0a9d3ce10fd0942db984
02_Prospective_24_Target_Results/matrices/Target08_40x20.csv,2319,3ae9196bf7c65e72440db5b6ec5f6e967086c5efb7644b064b09d4d5d5203f28
02_Prospective_24_Target_Results/matrices/Target09_60x5.csv,876,07729b8d78ea2f1b5de81b006f123240e6eebb712d6a24029df049ef09c97ed8
02_Prospective_24_Target_Results/matrices/Target10_60x10.csv,1737,3cf50b5e8b0d6b1972a83e023a62f24195cd7acff18a23a274c7c4267f6e26c5
02_Prospective_24_Target_Results/matrices/Target11_60x15.csv,2624,642eaaa5b1576b53f753a3add9758f599108172d71a14d763c89a266662c3b99
02_Prospective_24_Target_Results/matrices/Target12_60x20.csv,3502,6b815dce5b7e05e838dd17e6625c4aaba0f1d187aeb33b25559dabc0b0a7eb8b
02_Prospective_24_Target_Results/matrices/Target13_70x5.csv,1017,97a4449a2b96887d201f89087957857bb0ed04931221260a7ad3aec707a50295
02_Prospective_24_Target_Results/matrices/Target14_70x10.csv,2037,9551a53629feb65e420f27b633208b9c452b85702263ebf16f5e02ea605bcc99
02_Prospective_24_Target_Results/matrices/Target15_70x15.csv,3064,c7032a419c8a2b3fcf8b96924b5c617fffce6e0e5382191bc391de2a0d967053
02_Prospective_24_Target_Results/matrices/Target16_70x20.csv,4078,6d595e02ff5cfbc48c8e1eb6f7dda438db7d1427122beef6910c8b3ada91e98b
02_Prospective_24_Target_Results/matrices/Target17_80x5.csv,1160,4a7a1b91a97a8e2abe9f52137a9a93bb3ce22ed51245981cc68a4393bd164882
02_Prospective_24_Target_Results/matrices/Target18_80x10.csv,2322,ac67883f9d709447f0b53f0fd214b940ec2a14ec4a6d525b2a09ad4ba9216d7f
02_Prospective_24_Target_Results/matrices/Target19_80x15.csv,3491,79db37cf91d58c8201327d723894c0940889db67f249f948aa0c6e23a45a74a3
02_Prospective_24_Target_Results/matrices/Target20_80x20.csv,4667,41fdd102a1b20e90dcb521b62e37a9f9adf0c95410e80943e05d41d0a1b291cf
02_Prospective_24_Target_Results/matrices/Target21_90x5.csv,1305,ff36d87d2037f7476467d7808e4b612f2b2102398a3a5c010e466013d46113af
02_Prospective_24_Target_Results/matrices/Target22_90x10.csv,2627,5cbbaf8028d813a9e39647a405b76c2bb43564c35ed331b1ab290f3aec4b3543
02_Prospective_24_Target_Results/matrices/Target23_90x15.csv,3952,06e1a2af0fbb3575d83ed88afb8280cfb4ea56ffa40cb64dfdf9312c77007406
02_Prospective_24_Target_Results/matrices/Target24_90x20.csv,5243,d387669a3434bb417d63aefd379e6679ef5e29ab9ed0437bab652df5cb148979
03_Quality_Assurance_and_Integrity/CANONICAL_595_VERIFICATION_LOG.txt,387,af3e7d3559ede28800d698ab70ef20d89b797e7dc7c0b1ec19e0cc7aeb1be0ac
03_Quality_Assurance_and_Integrity/FINAL_PACKAGE_QA.txt,2153,cb18ab4744578cc11357128e56a6d45c3189fca8b6faf08d69f03068011d4d41
03_Quality_Assurance_and_Integrity/FINAL_SUBMISSION_SCOPE_AND_AUDIT.md,1885,35fbd94ddd4d85b501abb42be8baae8832a938d14aa9f82d4d18e9f3a08555cf
03_Quality_Assurance_and_Integrity/Prospective_24_Matrix_Exact_Recovery_Audit.csv,8252,b1f4e9c05e90813f377497a98140dbb3522ec6633006ae7910965a713acc3672
03_Quality_Assurance_and_Integrity/Prospective_24_Matrix_Exact_Verification.csv,4629,0cd1e75cce0c08488c69ba7807ec35cd81f371e16794d6b69df1ea5b6e29d200
03_Quality_Assurance_and_Integrity/REPRODUCIBILITY_SCOPE.txt,1887,bf22c5e7947441b0fc2a02b3678fef4907eee9d54cce471f1558259edf3d6130
03_Quality_Assurance_and_Integrity/VERIFY_STANDALONE.bat,311,4ae0d0a8955ddd3071435f6260fbbf1d98e2e347736d7d02e593fc6a651a1b8a
03_Quality_Assurance_and_Integrity/scripts/verify_all.py,7833,be278db4cb85a8706b550c4ef6c81186da59b2ba6e7cb46438e6131797004192
03_Quality_Assurance_and_Integrity/scripts/verify_prospective_matrices_exact.py,1353,a84e5e014065167c8bcd8e32f067f2ed7e487522a7dac340807ccc153f71d8a3
03_Quality_Assurance_and_Integrity/scripts/verify_recommended_operational_policy_validation.py,6226,66ebf2326c887b484ad3113bc1069d9db0a4273c4749894fca51b357311d31c7
03_Quality_Assurance_and_Integrity/verify_standalone.sh,293,65e273258f475d7b4fd1809d34db31594931896bfbba5fd2a309ced71f939095
04_Protocol_and_Data_Dictionaries/HISTORICAL_DATA_DICTIONARY.md,1830,0ed3a4d3bc8594f8c2696030ee508bb14dd0b6c9178ae9e32b83dbdfd226a50e
04_Protocol_and_Data_Dictionaries/ORIGINAL_PROSPECTIVE_VALIDATION_NOTE.md,1398,737b156365d557e03bc90604380ea015de2cf76858c0f615a51f3fc10e5af9db
04_Protocol_and_Data_Dictionaries/PROSPECTIVE_DATA_DICTIONARY.txt,2229,0ba3ad21daf31f331f80307085ea2a1a1341ded7553f3e1e4a3bda412b094a2e
04_Protocol_and_Data_Dictionaries/Prospective_Protocol_Prespecified_v1.1_2026-08-27.json,20286,ef46107dcd3729cab029cb6ebc403c0474a26ab60b4b663516fdd39713e21e7d
04_Protocol_and_Data_Dictionaries/RECOMMENDED_OPERATIONAL_POLICY_AND_VALIDATION_PROTOCOL_v1.0.md,4971,e8c9c90554151b2c102b8b429451ac3f6fff552086d9d7631df72577bb781ef4
04_Protocol_and_Data_Dictionaries/Recommended_Risk_Guided_Operational_Policy_v1.0.json,3152,d16b0c030402ea4d4f7c6be83b30212f2d44608ad4521426b35567a3ad4a05ce
05_Recommended_Operational_Policy_Validation/QA_RECOMMENDED_OPERATIONAL_POLICY_VALIDATION.txt,891,6528028bc1b6c7fcbe507e736124a3f0b8e4b0bac5b4bcefdbadb3df3856c573
05_Recommended_Operational_Policy_Validation/README.md,2902,c8182c30ca2656e0c81e3bd94618ec2eba9bf3425314c139815b2da13197c149
05_Recommended_Operational_Policy_Validation/Recommended_Operational_Policy_Aggregate.csv,461,6dd9f894ff0195696c5c14b73a17836e6ec46ae4b8e10b286f93945c98fcef60
05_Recommended_Operational_Policy_Validation/Recommended_Operational_Policy_Budget_By_Target.csv,1868,8722e62ccaa34ee3b820cbfa12949e9076225e1b06636030bf385acf6fcad816
05_Recommended_Operational_Policy_Validation/Recommended_Operational_Policy_Budget_Summary.csv,100,84a73d4400e2fa8f699588c724c23cc8c4574a3f2c5b4dcd250a2b0d43c3e905
05_Recommended_Operational_Policy_Validation/Recommended_Operational_Policy_Final_Validation_Raw.csv,124586,6c2a0888c6687bd5022420d48b8d50ddb89bd75b6e1a7f30f1bd633b347ecf4b
05_Recommended_Operational_Policy_Validation/Recommended_Operational_Policy_Selected_Configurations.csv,2016,cf576766cc7fa2641f1920b390a38d60a4b0c30275af316822edf681ce79b6b9
05_Recommended_Operational_Policy_Validation/Recommended_Operational_Policy_Summary.csv,319,1f8776b3889fd334dfda2c7a9dd5c75dc8d0311f8b5cd5fec5e6a1f434722aa3
05_Recommended_Operational_Policy_Validation/Recommended_Operational_Policy_Validation.csv,2435,9613292cb5157f4d2ae28451c3b9c95e8bd378486bad0f61302a8154b162eda5
05_Recommended_Operational_Policy_Validation/validation_by_target/Target01_30x5_validation.csv,5150,49dd5b98b10c712f8db5040af66e46ee0359a9a92ae56ed40f1492d75a1072be
05_Recommended_Operational_Policy_Validation/validation_by_target/Target02_30x10_validation.csv,5313,9a0354d5c2a51978cb4d125392db9a98d75e42ed357d5524f237ac7d1c5a9771
05_Recommended_Operational_Policy_Validation/validation_by_target/Target03_30x15_validation.csv,5272,e23acc76040cd1516744d5d8c4dd52253dc248b76b772dd550b0af0e6218e9e7
05_Recommended_Operational_Policy_Validation/validation_by_target/Target04_30x20_validation.csv,5270,2843453c884529f93c1c710e7f986b8d8a32aafe69a9ffd0016b64d84cde8569
05_Recommended_Operational_Policy_Validation/validation_by_target/Target05_40x5_validation.csv,5191,6dcbaa8057434c039b43e0d07d336efeab4d1d5faf445a71a323c0992a6672c8
05_Recommended_Operational_Policy_Validation/validation_by_target/Target06_40x10_validation.csv,5249,7de123c30fc186763db68bfabac5aa0f2b404f694a13d486e3304cafa86149b6
05_Recommended_Operational_Policy_Validation/validation_by_target/Target07_40x15_validation.csv,5310,91a59ab83e62faf532c6d29ebbd422da5a2edc786074ec69a6d26866ad4ff44a
05_Recommended_Operational_Policy_Validation/validation_by_target/Target08_40x20_validation.csv,5231,b9e9572f26702fa6f519f329678bf11f44b0e77e80c19123603e3e4db9d4fda1
05_Recommended_Operational_Policy_Validation/validation_by_target/Target09_60x5_validation.csv,5210,7933fd534ac8f7d744fee5c3b4424e4134fcf964efd30c32f25dbbf0ed6aba4a
05_Recommended_Operational_Policy_Validation/validation_by_target/Target10_60x10_validation.csv,5330,692fc8888607aac907d238be29ed3d96eff7dbc22113ab0e03eacdc97c72c000
05_Recommended_Operational_Policy_Validation/validation_by_target/Target11_60x15_validation.csv,5379,a92c83bcbe62964a3e2eebcfb54c24e42da1cf00cf379fb5214a154edc4e6c31
05_Recommended_Operational_Policy_Validation/validation_by_target/Target12_60x20_validation.csv,5179,73ff61443fed65ff45b2236cd483caf011979e9ee62072568fb349ac05ae9a22
05_Recommended_Operational_Policy_Validation/validation_by_target/Target13_70x5_validation.csv,5211,d4f28653146e488e588297fba88f6b3dbc67981e5c79b628ef90d3842bba5843
05_Recommended_Operational_Policy_Validation/validation_by_target/Target14_70x10_validation.csv,5372,b84955f6f76bff10220a755dcf6a204c09b0b28030e775396124d1a84ecfba0e
05_Recommended_Operational_Policy_Validation/validation_by_target/Target15_70x15_validation.csv,5373,120c96b8d99c14db6321e1e097630859c9e929060aacfff3d78193ff3d99bf94
05_Recommended_Operational_Policy_Validation/validation_by_target/Target16_70x20_validation.csv,5310,2c43b6ccb3d94883c5301d35f5e749527ac28d20322c23dbeb34aafd31b34a28
05_Recommended_Operational_Policy_Validation/validation_by_target/Target17_80x5_validation.csv,5232,b802d1c616bd23c4080a12b373542e4355c990e6fc826473297de8bdbc98bc9e
05_Recommended_Operational_Policy_Validation/validation_by_target/Target18_80x10_validation.csv,5328,1931317dd2655b4016cb1255653945502b4255785c557ac78b5c802e435bea5b
05_Recommended_Operational_Policy_Validation/validation_by_target/Target19_80x15_validation.csv,5352,168a3d03afa7ed8f82e332760604103966239fb04626fc01aa5178aed288d94d
05_Recommended_Operational_Policy_Validation/validation_by_target/Target20_80x20_validation.csv,5296,873e4a9fe032f0af642d2696c0ef7a056556aa20cf7f041650162bf2276a001a
05_Recommended_Operational_Policy_Validation/validation_by_target/Target21_90x5_validation.csv,5230,58ac53de6734d8ffc150088623c9e1e1a067a34cf337eed68b7bf33a0b02e0b2
05_Recommended_Operational_Policy_Validation/validation_by_target/Target22_90x10_validation.csv,5342,1bb2920c9b1877558301cb3d0c3eaa1f2c08278fecfc955af28a6a81d3d9f327
05_Recommended_Operational_Policy_Validation/validation_by_target/Target23_90x15_validation.csv,5331,f7ef2ede5eeabaae87e2cfa716ce3153686ebc7eb2c85f4096f3e8a49fa3f1bf
05_Recommended_Operational_Policy_Validation/validation_by_target/Target24_90x20_validation.csv,5264,c67ecb45a5bcd9f8c3a699e9a3d8e2ee5db9973795b659fcabdb02ec2665f5bb
06_Robustness_and_Sensitivity_Analyses/Action_Threshold_Boundary_Margins.csv,2350,f0636011278a720166a71ae8d59150ff49969e1bd21d38d93fbe1094a6ca1b8d
06_Robustness_and_Sensitivity_Analyses/Action_Threshold_JointGrid.csv,2395,080f60053fd0e9933325cfdb6d3e275d1f7c82d8aec0d8de569be70b041d8e26
06_Robustness_and_Sensitivity_Analyses/Action_Threshold_OneAtATime.csv,949,b9214695cc044b2d696386cba6cf13883c4f4f80886aee6e3079f57f861a95ac
06_Robustness_and_Sensitivity_Analyses/Direct_Center_Recovery_and_Reverse_Discordance.csv,2240,7b7d2dac9ee8cc6a795ba644a6adb8db084b43421269e4c7c4db8d1db9f47fec
06_Robustness_and_Sensitivity_Analyses/Direct_Center_vs_Policy_Targets.csv,3004,39e4dbf33dc198af4aa1cb4c709c8f83640cc01858c3e2f6c1d617bef783fc87
06_Robustness_and_Sensitivity_Analyses/Empirical_Reference_Reevaluation_Diagnostics.csv,3200,5d0ed9ce3715001fcadc4498b5639774d0df3e8ec9212745bcf24d80552c0e3c
06_Robustness_and_Sensitivity_Analyses/GREEN_Random_Baseline_Targets.csv,1150,da7f9ec146c64f92392c229550c4f9f272b430214bc0f0bf6ac9001d604c31f2
06_Robustness_and_Sensitivity_Analyses/GREEN_Random_SafeCount_Distribution.csv,142,3b9e379a7bfcba528a20f6189061ec9e92f3ea2c95bf920a3a6c31a9123a990b
06_Robustness_and_Sensitivity_Analyses/GREEN_Subgroup_Random_Baselines.csv,704,4d5fd83d375377c09f9c363b23a6b609c114f1ba371e5415061f8bb5b768040f
06_Robustness_and_Sensitivity_Analyses/Historical_Anchor_LOO_Detail_90_Scenarios.csv,7422,e47051f88119407e91161c8766908910d283e661165275aab1a99580bd8fecef
06_Robustness_and_Sensitivity_Analyses/Historical_Anchor_LOO_Summary_9_Anchors.csv,1033,4d1ff9af3a80a91e4a0ceb3101fcfdcf4b302305568716e1041aa6d97af10ded
06_Robustness_and_Sensitivity_Analyses/Historical_Interpolation_Smoothness_Audit.csv,753,a012c1f7f40aa965dfb32bc1185550d54312205fc08f543290631b745edffc9b
06_Robustness_and_Sensitivity_Analyses/Inference_Hierarchy.csv,2136,61d704bc1bf2ee9fb834b106cc45194e86773bca1c2776fa6d1e5234a425cb82
06_Robustness_and_Sensitivity_Analyses/Interpolation_Sensitivity_Detail.csv,7363,3831ac0221ce41d57c159d168be3bfd45a0a6fda4ed2928b6d26d23f98f7a520
06_Robustness_and_Sensitivity_Analyses/Interpolation_Sensitivity_Summary.csv,594,cf850d7ef3ffb148e9ae9ce917e0b53d274b773e26b132184480654aad03943a
06_Robustness_and_Sensitivity_Analyses/Normalized_Computational_Work_Summary.json,1306,1a11657595c1c0a6ac3ca5b7c2fc28af33b79a4a8bcac2547a11ab8f0e43df6e
06_Robustness_and_Sensitivity_Analyses/Normalized_Computational_Work_Targets.csv,2501,1bdf81e2c87c39df12211ce173b4b961360baec26ca12d61399601306d0b3ef3
06_Robustness_and_Sensitivity_Analyses/Prospective_Action_Stability_90_Scenarios.csv,1447,23e712d92ba99b40ce6a9e7d9bb5ac145987711bb9992b45d995723021d957ca
06_Robustness_and_Sensitivity_Analyses/README.md,1284,89f2bc72a0d3d0bea77b930bdea906af201d9b2d401e11830896eaa0f485896b
06_Robustness_and_Sensitivity_Analyses/Reliability_Loss_Association_LOO_90_Scenarios.csv,9969,8ad60fee7e29161d7b67af22630d9985f713907fea3f5dbd6498a78ef6669417
06_Robustness_and_Sensitivity_Analyses/Reliability_Loss_Association_Nominal.csv,995,09f5ec09bc07020dd1a277a49fa3b017a181a2afb891f36b1300cc6aad97684b
06_Robustness_and_Sensitivity_Analyses/Robustness_and_Sensitivity_Summary.json,3758,89e720d568691a4732ee6a82919f0d71217e3d47656a64d6344cdc8b47f524fd
06_Robustness_and_Sensitivity_Analyses/Tolerance_Sensitivity_Intervention_Targets.csv,298,fb35f14e3852346fa23bc472229a82736fe2d0cb0fdb0fdacee79111f1607666
README.md,2761,0b4d3d4f5a6e0b39da1758b660c31cf35d17caee50c0179fb923ca01a9bf40e9
