target,pop_mult,pc,pm,rep,seed
1,2,0.85,0.05,1,2330101210
1,2,0.85,0.05,2,2330102219
1,2,0.85,0.05,3,2330103228
1,2,0.85,0.05,4,2330104237
1,2,0.85,0.05,5,2330105246
1,2,0.85,0.05,6,2330106255
1,2,0.85,0.05,7,2330107264
1,2,0.85,0.05,8,2330108273
1,2,0.85,0.05,9,2330109282
1,2,0.85,0.05,10,2330110291
1,2,0.85,0.075,1,2330101210
1,2,0.85,0.075,2,2330102219
1,2,0.85,0.075,3,2330103228
1,2,0.85,0.075,4,2330104237
1,2,0.85,0.075,5,2330105246
1,2,0.85,0.075,6,2330106255
1,2,0.85,0.075,7,2330107264
1,2,0.85,0.075,8,2330108273
1,2,0.85,0.075,9,2330109282
1,2,0.85,0.075,10,2330110291
1,2,0.8875,0.025,1,2330101210
1,2,0.8875,0.025,2,2330102219
1,2,0.8875,0.025,3,2330103228
1,2,0.8875,0.025,4,2330104237
1,2,0.8875,0.025,5,2330105246
1,2,0.8875,0.025,6,2330106255
1,2,0.8875,0.025,7,2330107264
1,2,0.8875,0.025,8,2330108273
1,2,0.8875,0.025,9,2330109282
1,2,0.8875,0.025,10,2330110291
1,2,0.8875,0.05,1,2330101210
1,2,0.8875,0.05,2,2330102219
1,2,0.8875,0.05,3,2330103228
1,2,0.8875,0.05,4,2330104237
1,2,0.8875,0.05,5,2330105246
1,2,0.8875,0.05,6,2330106255
1,2,0.8875,0.05,7,2330107264
1,2,0.8875,0.05,8,2330108273
1,2,0.8875,0.05,9,2330109282
1,2,0.8875,0.05,10,2330110291
1,2,0.8875,0.075,1,2330101210
1,2,0.8875,0.075,2,2330102219
1,2,0.8875,0.075,3,2330103228
1,2,0.8875,0.075,4,2330104237
1,2,0.8875,0.075,5,2330105246
1,2,0.8875,0.075,6,2330106255
1,2,0.8875,0.075,7,2330107264
1,2,0.8875,0.075,8,2330108273
1,2,0.8875,0.075,9,2330109282
1,2,0.8875,0.075,10,2330110291
1,3,0.85,0.025,1,2330101210
1,3,0.85,0.025,2,2330102219
1,3,0.85,0.025,3,2330103228
1,3,0.85,0.025,4,2330104237
1,3,0.85,0.025,5,2330105246
1,3,0.85,0.025,6,2330106255
1,3,0.85,0.025,7,2330107264
1,3,0.85,0.025,8,2330108273
1,3,0.85,0.025,9,2330109282
1,3,0.85,0.025,10,2330110291
1,3,0.85,0.05,1,2330101210
1,3,0.85,0.05,2,2330102219
1,3,0.85,0.05,3,2330103228
1,3,0.85,0.05,4,2330104237
1,3,0.85,0.05,5,2330105246
1,3,0.85,0.05,6,2330106255
1,3,0.85,0.05,7,2330107264
1,3,0.85,0.05,8,2330108273
1,3,0.85,0.05,9,2330109282
1,3,0.85,0.05,10,2330110291
2,2,0.85,0.025,1,2330201210
2,2,0.85,0.025,2,2330202219
2,2,0.85,0.025,3,2330203228
2,2,0.85,0.025,4,2330204237
2,2,0.85,0.025,5,2330205246
2,2,0.85,0.025,6,2330206255
2,2,0.85,0.025,7,2330207264
2,2,0.85,0.025,8,2330208273
2,2,0.85,0.025,9,2330209282
2,2,0.85,0.025,10,2330210291
2,2,0.85,0.05,1,2330201210
2,2,0.85,0.05,2,2330202219
2,2,0.85,0.05,3,2330203228
2,2,0.85,0.05,4,2330204237
2,2,0.85,0.05,5,2330205246
2,2,0.85,0.05,6,2330206255
2,2,0.85,0.05,7,2330207264
2,2,0.85,0.05,8,2330208273
2,2,0.85,0.05,9,2330209282
2,2,0.85,0.05,10,2330210291
2,2,0.85,0.075,1,2330201210
2,2,0.85,0.075,2,2330202219
2,2,0.85,0.075,3,2330203228
2,2,0.85,0.075,4,2330204237
2,2,0.85,0.075,5,2330205246
2,2,0.85,0.075,6,2330206255
2,2,0.85,0.075,7,2330207264
2,2,0.85,0.075,8,2330208273
2,2,0.85,0.075,9,2330209282
2,2,0.85,0.075,10,2330210291
2,2,0.8875,0.025,1,2330201210
2,2,0.8875,0.025,2,2330202219
2,2,0.8875,0.025,3,2330203228
2,2,0.8875,0.025,4,2330204237
2,2,0.8875,0.025,5,2330205246
2,2,0.8875,0.025,6,2330206255
2,2,0.8875,0.025,7,2330207264
2,2,0.8875,0.025,8,2330208273
2,2,0.8875,0.025,9,2330209282
2,2,0.8875,0.025,10,2330210291
2,2,0.8875,0.05,1,2330201210
2,2,0.8875,0.05,2,2330202219
2,2,0.8875,0.05,3,2330203228
2,2,0.8875,0.05,4,2330204237
2,2,0.8875,0.05,5,2330205246
2,2,0.8875,0.05,6,2330206255
2,2,0.8875,0.05,7,2330207264
2,2,0.8875,0.05,8,2330208273
2,2,0.8875,0.05,9,2330209282
2,2,0.8875,0.05,10,2330210291
2,2,0.8875,0.075,1,2330201210
2,2,0.8875,0.075,2,2330202219
2,2,0.8875,0.075,3,2330203228
2,2,0.8875,0.075,4,2330204237
2,2,0.8875,0.075,5,2330205246
2,2,0.8875,0.075,6,2330206255
2,2,0.8875,0.075,7,2330207264
2,2,0.8875,0.075,8,2330208273
2,2,0.8875,0.075,9,2330209282
2,2,0.8875,0.075,10,2330210291
2,3,0.85,0.025,1,2330201210
2,3,0.85,0.025,2,2330202219
2,3,0.85,0.025,3,2330203228
2,3,0.85,0.025,4,2330204237
2,3,0.85,0.025,5,2330205246
2,3,0.85,0.025,6,2330206255
2,3,0.85,0.025,7,2330207264
2,3,0.85,0.025,8,2330208273
2,3,0.85,0.025,9,2330209282
2,3,0.85,0.025,10,2330210291
2,3,0.85,0.05,1,2330201210
2,3,0.85,0.05,2,2330202219
2,3,0.85,0.05,3,2330203228
2,3,0.85,0.05,4,2330204237
2,3,0.85,0.05,5,2330205246
2,3,0.85,0.05,6,2330206255
2,3,0.85,0.05,7,2330207264
2,3,0.85,0.05,8,2330208273
2,3,0.85,0.05,9,2330209282
2,3,0.85,0.05,10,2330210291
3,2,0.85,0.05,1,2330301210
3,2,0.85,0.05,2,2330302219
3,2,0.85,0.05,3,2330303228
3,2,0.85,0.05,4,2330304237
3,2,0.85,0.05,5,2330305246
3,2,0.85,0.05,6,2330306255
3,2,0.85,0.05,7,2330307264
3,2,0.85,0.05,8,2330308273
3,2,0.85,0.05,9,2330309282
3,2,0.85,0.05,10,2330310291
3,2,0.85,0.075,1,2330301210
3,2,0.85,0.075,2,2330302219
3,2,0.85,0.075,3,2330303228
3,2,0.85,0.075,4,2330304237
3,2,0.85,0.075,5,2330305246
3,2,0.85,0.075,6,2330306255
3,2,0.85,0.075,7,2330307264
3,2,0.85,0.075,8,2330308273
3,2,0.85,0.075,9,2330309282
3,2,0.85,0.075,10,2330310291
3,2,0.8875,0.025,1,2330301210
3,2,0.8875,0.025,2,2330302219
3,2,0.8875,0.025,3,2330303228
3,2,0.8875,0.025,4,2330304237
3,2,0.8875,0.025,5,2330305246
3,2,0.8875,0.025,6,2330306255
3,2,0.8875,0.025,7,2330307264
3,2,0.8875,0.025,8,2330308273
3,2,0.8875,0.025,9,2330309282
3,2,0.8875,0.025,10,2330310291
3,2,0.8875,0.05,1,2330301210
3,2,0.8875,0.05,2,2330302219
3,2,0.8875,0.05,3,2330303228
3,2,0.8875,0.05,4,2330304237
3,2,0.8875,0.05,5,2330305246
3,2,0.8875,0.05,6,2330306255
3,2,0.8875,0.05,7,2330307264
3,2,0.8875,0.05,8,2330308273
3,2,0.8875,0.05,9,2330309282
3,2,0.8875,0.05,10,2330310291
3,2,0.8875,0.075,1,2330301210
3,2,0.8875,0.075,2,2330302219
3,2,0.8875,0.075,3,2330303228
3,2,0.8875,0.075,4,2330304237
3,2,0.8875,0.075,5,2330305246
3,2,0.8875,0.075,6,2330306255
3,2,0.8875,0.075,7,2330307264
3,2,0.8875,0.075,8,2330308273
3,2,0.8875,0.075,9,2330309282
3,2,0.8875,0.075,10,2330310291
3,3,0.85,0.025,1,2330301210
3,3,0.85,0.025,2,2330302219
3,3,0.85,0.025,3,2330303228
3,3,0.85,0.025,4,2330304237
3,3,0.85,0.025,5,2330305246
3,3,0.85,0.025,6,2330306255
3,3,0.85,0.025,7,2330307264
3,3,0.85,0.025,8,2330308273
3,3,0.85,0.025,9,2330309282
3,3,0.85,0.025,10,2330310291
3,3,0.85,0.05,1,2330301210
3,3,0.85,0.05,2,2330302219
3,3,0.85,0.05,3,2330303228
3,3,0.85,0.05,4,2330304237
3,3,0.85,0.05,5,2330305246
3,3,0.85,0.05,6,2330306255
3,3,0.85,0.05,7,2330307264
3,3,0.85,0.05,8,2330308273
3,3,0.85,0.05,9,2330309282
3,3,0.85,0.05,10,2330310291
4,2,0.85,0.025,1,2330401210
4,2,0.85,0.025,2,2330402219
4,2,0.85,0.025,3,2330403228
4,2,0.85,0.025,4,2330404237
4,2,0.85,0.025,5,2330405246
4,2,0.85,0.025,6,2330406255
4,2,0.85,0.025,7,2330407264
4,2,0.85,0.025,8,2330408273
4,2,0.85,0.025,9,2330409282
4,2,0.85,0.025,10,2330410291
4,2,0.85,0.05,1,2330401210
4,2,0.85,0.05,2,2330402219
4,2,0.85,0.05,3,2330403228
4,2,0.85,0.05,4,2330404237
4,2,0.85,0.05,5,2330405246
4,2,0.85,0.05,6,2330406255
4,2,0.85,0.05,7,2330407264
4,2,0.85,0.05,8,2330408273
4,2,0.85,0.05,9,2330409282
4,2,0.85,0.05,10,2330410291
4,2,0.85,0.075,1,2330401210
4,2,0.85,0.075,2,2330402219
4,2,0.85,0.075,3,2330403228
4,2,0.85,0.075,4,2330404237
4,2,0.85,0.075,5,2330405246
4,2,0.85,0.075,6,2330406255
4,2,0.85,0.075,7,2330407264
4,2,0.85,0.075,8,2330408273
4,2,0.85,0.075,9,2330409282
4,2,0.85,0.075,10,2330410291
4,2,0.8875,0.05,1,2330401210
4,2,0.8875,0.05,2,2330402219
4,2,0.8875,0.05,3,2330403228
4,2,0.8875,0.05,4,2330404237
4,2,0.8875,0.05,5,2330405246
4,2,0.8875,0.05,6,2330406255
4,2,0.8875,0.05,7,2330407264
4,2,0.8875,0.05,8,2330408273
4,2,0.8875,0.05,9,2330409282
4,2,0.8875,0.05,10,2330410291
4,2,0.8875,0.075,1,2330401210
4,2,0.8875,0.075,2,2330402219
4,2,0.8875,0.075,3,2330403228
4,2,0.8875,0.075,4,2330404237
4,2,0.8875,0.075,5,2330405246
4,2,0.8875,0.075,6,2330406255
4,2,0.8875,0.075,7,2330407264
4,2,0.8875,0.075,8,2330408273
4,2,0.8875,0.075,9,2330409282
4,2,0.8875,0.075,10,2330410291
4,3,0.85,0.025,1,2330401210
4,3,0.85,0.025,2,2330402219
4,3,0.85,0.025,3,2330403228
4,3,0.85,0.025,4,2330404237
4,3,0.85,0.025,5,2330405246
4,3,0.85,0.025,6,2330406255
4,3,0.85,0.025,7,2330407264
4,3,0.85,0.025,8,2330408273
4,3,0.85,0.025,9,2330409282
4,3,0.85,0.025,10,2330410291
4,3,0.85,0.05,1,2330401210
4,3,0.85,0.05,2,2330402219
4,3,0.85,0.05,3,2330403228
4,3,0.85,0.05,4,2330404237
4,3,0.85,0.05,5,2330405246
4,3,0.85,0.05,6,2330406255
4,3,0.85,0.05,7,2330407264
4,3,0.85,0.05,8,2330408273
4,3,0.85,0.05,9,2330409282
4,3,0.85,0.05,10,2330410291
5,2,0.85,0.025,1,2330501210
5,2,0.85,0.025,2,2330502219
5,2,0.85,0.025,3,2330503228
5,2,0.85,0.025,4,2330504237
5,2,0.85,0.025,5,2330505246
5,2,0.85,0.025,6,2330506255
5,2,0.85,0.025,7,2330507264
5,2,0.85,0.025,8,2330508273
5,2,0.85,0.025,9,2330509282
5,2,0.85,0.025,10,2330510291
5,2,0.85,0.05,1,2330501210
5,2,0.85,0.05,2,2330502219
5,2,0.85,0.05,3,2330503228
5,2,0.85,0.05,4,2330504237
5,2,0.85,0.05,5,2330505246
5,2,0.85,0.05,6,2330506255
5,2,0.85,0.05,7,2330507264
5,2,0.85,0.05,8,2330508273
5,2,0.85,0.05,9,2330509282
5,2,0.85,0.05,10,2330510291
5,2,0.85,0.075,1,2330501210
5,2,0.85,0.075,2,2330502219
5,2,0.85,0.075,3,2330503228
5,2,0.85,0.075,4,2330504237
5,2,0.85,0.075,5,2330505246
5,2,0.85,0.075,6,2330506255
5,2,0.85,0.075,7,2330507264
5,2,0.85,0.075,8,2330508273
5,2,0.85,0.075,9,2330509282
5,2,0.85,0.075,10,2330510291
5,2,0.8875,0.025,1,2330501210
5,2,0.8875,0.025,2,2330502219
5,2,0.8875,0.025,3,2330503228
5,2,0.8875,0.025,4,2330504237
5,2,0.8875,0.025,5,2330505246
5,2,0.8875,0.025,6,2330506255
5,2,0.8875,0.025,7,2330507264
5,2,0.8875,0.025,8,2330508273
5,2,0.8875,0.025,9,2330509282
5,2,0.8875,0.025,10,2330510291
5,2,0.8875,0.05,1,2330501210
5,2,0.8875,0.05,2,2330502219
5,2,0.8875,0.05,3,2330503228
5,2,0.8875,0.05,4,2330504237
5,2,0.8875,0.05,5,2330505246
5,2,0.8875,0.05,6,2330506255
5,2,0.8875,0.05,7,2330507264
5,2,0.8875,0.05,8,2330508273
5,2,0.8875,0.05,9,2330509282
5,2,0.8875,0.05,10,2330510291
5,2,0.8875,0.075,1,2330501210
5,2,0.8875,0.075,2,2330502219
5,2,0.8875,0.075,3,2330503228
5,2,0.8875,0.075,4,2330504237
5,2,0.8875,0.075,5,2330505246
5,2,0.8875,0.075,6,2330506255
5,2,0.8875,0.075,7,2330507264
5,2,0.8875,0.075,8,2330508273
5,2,0.8875,0.075,9,2330509282
5,2,0.8875,0.075,10,2330510291
5,3,0.85,0.025,1,2330501210
5,3,0.85,0.025,2,2330502219
5,3,0.85,0.025,3,2330503228
5,3,0.85,0.025,4,2330504237
5,3,0.85,0.025,5,2330505246
5,3,0.85,0.025,6,2330506255
5,3,0.85,0.025,7,2330507264
5,3,0.85,0.025,8,2330508273
5,3,0.85,0.025,9,2330509282
5,3,0.85,0.025,10,2330510291
5,3,0.85,0.05,1,2330501210
5,3,0.85,0.05,2,2330502219
5,3,0.85,0.05,3,2330503228
5,3,0.85,0.05,4,2330504237
5,3,0.85,0.05,5,2330505246
5,3,0.85,0.05,6,2330506255
5,3,0.85,0.05,7,2330507264
5,3,0.85,0.05,8,2330508273
5,3,0.85,0.05,9,2330509282
5,3,0.85,0.05,10,2330510291
6,2,0.85,0.025,1,2330601210
6,2,0.85,0.025,2,2330602219
6,2,0.85,0.025,3,2330603228
6,2,0.85,0.025,4,2330604237
6,2,0.85,0.025,5,2330605246
6,2,0.85,0.025,6,2330606255
6,2,0.85,0.025,7,2330607264
6,2,0.85,0.025,8,2330608273
6,2,0.85,0.025,9,2330609282
6,2,0.85,0.025,10,2330610291
6,2,0.85,0.05,1,2330601210
6,2,0.85,0.05,2,2330602219
6,2,0.85,0.05,3,2330603228
6,2,0.85,0.05,4,2330604237
6,2,0.85,0.05,5,2330605246
6,2,0.85,0.05,6,2330606255
6,2,0.85,0.05,7,2330607264
6,2,0.85,0.05,8,2330608273
6,2,0.85,0.05,9,2330609282
6,2,0.85,0.05,10,2330610291
6,2,0.85,0.075,1,2330601210
6,2,0.85,0.075,2,2330602219
6,2,0.85,0.075,3,2330603228
6,2,0.85,0.075,4,2330604237
6,2,0.85,0.075,5,2330605246
6,2,0.85,0.075,6,2330606255
6,2,0.85,0.075,7,2330607264
6,2,0.85,0.075,8,2330608273
6,2,0.85,0.075,9,2330609282
6,2,0.85,0.075,10,2330610291
6,2,0.8875,0.025,1,2330601210
6,2,0.8875,0.025,2,2330602219
6,2,0.8875,0.025,3,2330603228
6,2,0.8875,0.025,4,2330604237
6,2,0.8875,0.025,5,2330605246
6,2,0.8875,0.025,6,2330606255
6,2,0.8875,0.025,7,2330607264
6,2,0.8875,0.025,8,2330608273
6,2,0.8875,0.025,9,2330609282
6,2,0.8875,0.025,10,2330610291
6,2,0.8875,0.05,1,2330601210
6,2,0.8875,0.05,2,2330602219
6,2,0.8875,0.05,3,2330603228
6,2,0.8875,0.05,4,2330604237
6,2,0.8875,0.05,5,2330605246
6,2,0.8875,0.05,6,2330606255
6,2,0.8875,0.05,7,2330607264
6,2,0.8875,0.05,8,2330608273
6,2,0.8875,0.05,9,2330609282
6,2,0.8875,0.05,10,2330610291
6,2,0.8875,0.075,1,2330601210
6,2,0.8875,0.075,2,2330602219
6,2,0.8875,0.075,3,2330603228
6,2,0.8875,0.075,4,2330604237
6,2,0.8875,0.075,5,2330605246
6,2,0.8875,0.075,6,2330606255
6,2,0.8875,0.075,7,2330607264
6,2,0.8875,0.075,8,2330608273
6,2,0.8875,0.075,9,2330609282
6,2,0.8875,0.075,10,2330610291
6,3,0.85,0.025,1,2330601210
6,3,0.85,0.025,2,2330602219
6,3,0.85,0.025,3,2330603228
6,3,0.85,0.025,4,2330604237
6,3,0.85,0.025,5,2330605246
6,3,0.85,0.025,6,2330606255
6,3,0.85,0.025,7,2330607264
6,3,0.85,0.025,8,2330608273
6,3,0.85,0.025,9,2330609282
6,3,0.85,0.025,10,2330610291
6,3,0.85,0.05,1,2330601210
6,3,0.85,0.05,2,2330602219
6,3,0.85,0.05,3,2330603228
6,3,0.85,0.05,4,2330604237
6,3,0.85,0.05,5,2330605246
6,3,0.85,0.05,6,2330606255
6,3,0.85,0.05,7,2330607264
6,3,0.85,0.05,8,2330608273
6,3,0.85,0.05,9,2330609282
6,3,0.85,0.05,10,2330610291
7,2,0.85,0.025,1,2330701210
7,2,0.85,0.025,2,2330702219
7,2,0.85,0.025,3,2330703228
7,2,0.85,0.025,4,2330704237
7,2,0.85,0.025,5,2330705246
7,2,0.85,0.025,6,2330706255
7,2,0.85,0.025,7,2330707264
7,2,0.85,0.025,8,2330708273
7,2,0.85,0.025,9,2330709282
7,2,0.85,0.025,10,2330710291
7,2,0.85,0.05,1,2330701210
7,2,0.85,0.05,2,2330702219
7,2,0.85,0.05,3,2330703228
7,2,0.85,0.05,4,2330704237
7,2,0.85,0.05,5,2330705246
7,2,0.85,0.05,6,2330706255
7,2,0.85,0.05,7,2330707264
7,2,0.85,0.05,8,2330708273
7,2,0.85,0.05,9,2330709282
7,2,0.85,0.05,10,2330710291
7,2,0.85,0.075,1,2330701210
7,2,0.85,0.075,2,2330702219
7,2,0.85,0.075,3,2330703228
7,2,0.85,0.075,4,2330704237
7,2,0.85,0.075,5,2330705246
7,2,0.85,0.075,6,2330706255
7,2,0.85,0.075,7,2330707264
7,2,0.85,0.075,8,2330708273
7,2,0.85,0.075,9,2330709282
7,2,0.85,0.075,10,2330710291
7,2,0.8875,0.025,1,2330701210
7,2,0.8875,0.025,2,2330702219
7,2,0.8875,0.025,3,2330703228
7,2,0.8875,0.025,4,2330704237
7,2,0.8875,0.025,5,2330705246
7,2,0.8875,0.025,6,2330706255
7,2,0.8875,0.025,7,2330707264
7,2,0.8875,0.025,8,2330708273
7,2,0.8875,0.025,9,2330709282
7,2,0.8875,0.025,10,2330710291
7,2,0.8875,0.05,1,2330701210
7,2,0.8875,0.05,2,2330702219
7,2,0.8875,0.05,3,2330703228
7,2,0.8875,0.05,4,2330704237
7,2,0.8875,0.05,5,2330705246
7,2,0.8875,0.05,6,2330706255
7,2,0.8875,0.05,7,2330707264
7,2,0.8875,0.05,8,2330708273
7,2,0.8875,0.05,9,2330709282
7,2,0.8875,0.05,10,2330710291
7,2,0.8875,0.075,1,2330701210
7,2,0.8875,0.075,2,2330702219
7,2,0.8875,0.075,3,2330703228
7,2,0.8875,0.075,4,2330704237
7,2,0.8875,0.075,5,2330705246
7,2,0.8875,0.075,6,2330706255
7,2,0.8875,0.075,7,2330707264
7,2,0.8875,0.075,8,2330708273
7,2,0.8875,0.075,9,2330709282
7,2,0.8875,0.075,10,2330710291
7,3,0.85,0.025,1,2330701210
7,3,0.85,0.025,2,2330702219
7,3,0.85,0.025,3,2330703228
7,3,0.85,0.025,4,2330704237
7,3,0.85,0.025,5,2330705246
7,3,0.85,0.025,6,2330706255
7,3,0.85,0.025,7,2330707264
7,3,0.85,0.025,8,2330708273
7,3,0.85,0.025,9,2330709282
7,3,0.85,0.025,10,2330710291
7,3,0.85,0.05,1,2330701210
7,3,0.85,0.05,2,2330702219
7,3,0.85,0.05,3,2330703228
7,3,0.85,0.05,4,2330704237
7,3,0.85,0.05,5,2330705246
7,3,0.85,0.05,6,2330706255
7,3,0.85,0.05,7,2330707264
7,3,0.85,0.05,8,2330708273
7,3,0.85,0.05,9,2330709282
7,3,0.85,0.05,10,2330710291
8,2,0.85,0.025,1,2330801210
8,2,0.85,0.025,2,2330802219
8,2,0.85,0.025,3,2330803228
8,2,0.85,0.025,4,2330804237
8,2,0.85,0.025,5,2330805246
8,2,0.85,0.025,6,2330806255
8,2,0.85,0.025,7,2330807264
8,2,0.85,0.025,8,2330808273
8,2,0.85,0.025,9,2330809282
8,2,0.85,0.025,10,2330810291
8,2,0.85,0.05,1,2330801210
8,2,0.85,0.05,2,2330802219
8,2,0.85,0.05,3,2330803228
8,2,0.85,0.05,4,2330804237
8,2,0.85,0.05,5,2330805246
8,2,0.85,0.05,6,2330806255
8,2,0.85,0.05,7,2330807264
8,2,0.85,0.05,8,2330808273
8,2,0.85,0.05,9,2330809282
8,2,0.85,0.05,10,2330810291
8,2,0.85,0.075,1,2330801210
8,2,0.85,0.075,2,2330802219
8,2,0.85,0.075,3,2330803228
8,2,0.85,0.075,4,2330804237
8,2,0.85,0.075,5,2330805246
8,2,0.85,0.075,6,2330806255
8,2,0.85,0.075,7,2330807264
8,2,0.85,0.075,8,2330808273
8,2,0.85,0.075,9,2330809282
8,2,0.85,0.075,10,2330810291
8,2,0.8875,0.025,1,2330801210
8,2,0.8875,0.025,2,2330802219
8,2,0.8875,0.025,3,2330803228
8,2,0.8875,0.025,4,2330804237
8,2,0.8875,0.025,5,2330805246
8,2,0.8875,0.025,6,2330806255
8,2,0.8875,0.025,7,2330807264
8,2,0.8875,0.025,8,2330808273
8,2,0.8875,0.025,9,2330809282
8,2,0.8875,0.025,10,2330810291
8,2,0.8875,0.05,1,2330801210
8,2,0.8875,0.05,2,2330802219
8,2,0.8875,0.05,3,2330803228
8,2,0.8875,0.05,4,2330804237
8,2,0.8875,0.05,5,2330805246
8,2,0.8875,0.05,6,2330806255
8,2,0.8875,0.05,7,2330807264
8,2,0.8875,0.05,8,2330808273
8,2,0.8875,0.05,9,2330809282
8,2,0.8875,0.05,10,2330810291
8,2,0.8875,0.075,1,2330801210
8,2,0.8875,0.075,2,2330802219
8,2,0.8875,0.075,3,2330803228
8,2,0.8875,0.075,4,2330804237
8,2,0.8875,0.075,5,2330805246
8,2,0.8875,0.075,6,2330806255
8,2,0.8875,0.075,7,2330807264
8,2,0.8875,0.075,8,2330808273
8,2,0.8875,0.075,9,2330809282
8,2,0.8875,0.075,10,2330810291
8,2,0.9625,0.025,1,2330801210
8,2,0.9625,0.025,2,2330802219
8,2,0.9625,0.025,3,2330803228
8,2,0.9625,0.025,4,2330804237
8,2,0.9625,0.025,5,2330805246
8,2,0.9625,0.025,6,2330806255
8,2,0.9625,0.025,7,2330807264
8,2,0.9625,0.025,8,2330808273
8,2,0.9625,0.025,9,2330809282
8,2,0.9625,0.025,10,2330810291
8,3,0.85,0.025,1,2330801210
8,3,0.85,0.025,2,2330802219
8,3,0.85,0.025,3,2330803228
8,3,0.85,0.025,4,2330804237
8,3,0.85,0.025,5,2330805246
8,3,0.85,0.025,6,2330806255
8,3,0.85,0.025,7,2330807264
8,3,0.85,0.025,8,2330808273
8,3,0.85,0.025,9,2330809282
8,3,0.85,0.025,10,2330810291
8,3,0.85,0.05,1,2330801210
8,3,0.85,0.05,2,2330802219
8,3,0.85,0.05,3,2330803228
8,3,0.85,0.05,4,2330804237
8,3,0.85,0.05,5,2330805246
8,3,0.85,0.05,6,2330806255
8,3,0.85,0.05,7,2330807264
8,3,0.85,0.05,8,2330808273
8,3,0.85,0.05,9,2330809282
8,3,0.85,0.05,10,2330810291
9,2,0.85,0.025,1,2330901210
9,2,0.85,0.025,2,2330902219
9,2,0.85,0.025,3,2330903228
9,2,0.85,0.025,4,2330904237
9,2,0.85,0.025,5,2330905246
9,2,0.85,0.025,6,2330906255
9,2,0.85,0.025,7,2330907264
9,2,0.85,0.025,8,2330908273
9,2,0.85,0.025,9,2330909282
9,2,0.85,0.025,10,2330910291
9,2,0.85,0.05,1,2330901210
9,2,0.85,0.05,2,2330902219
9,2,0.85,0.05,3,2330903228
9,2,0.85,0.05,4,2330904237
9,2,0.85,0.05,5,2330905246
9,2,0.85,0.05,6,2330906255
9,2,0.85,0.05,7,2330907264
9,2,0.85,0.05,8,2330908273
9,2,0.85,0.05,9,2330909282
9,2,0.85,0.05,10,2330910291
9,2,0.85,0.075,1,2330901210
9,2,0.85,0.075,2,2330902219
9,2,0.85,0.075,3,2330903228
9,2,0.85,0.075,4,2330904237
9,2,0.85,0.075,5,2330905246
9,2,0.85,0.075,6,2330906255
9,2,0.85,0.075,7,2330907264
9,2,0.85,0.075,8,2330908273
9,2,0.85,0.075,9,2330909282
9,2,0.85,0.075,10,2330910291
9,2,0.8875,0.025,1,2330901210
9,2,0.8875,0.025,2,2330902219
9,2,0.8875,0.025,3,2330903228
9,2,0.8875,0.025,4,2330904237
9,2,0.8875,0.025,5,2330905246
9,2,0.8875,0.025,6,2330906255
9,2,0.8875,0.025,7,2330907264
9,2,0.8875,0.025,8,2330908273
9,2,0.8875,0.025,9,2330909282
9,2,0.8875,0.025,10,2330910291
9,2,0.8875,0.05,1,2330901210
9,2,0.8875,0.05,2,2330902219
9,2,0.8875,0.05,3,2330903228
9,2,0.8875,0.05,4,2330904237
9,2,0.8875,0.05,5,2330905246
9,2,0.8875,0.05,6,2330906255
9,2,0.8875,0.05,7,2330907264
9,2,0.8875,0.05,8,2330908273
9,2,0.8875,0.05,9,2330909282
9,2,0.8875,0.05,10,2330910291
9,3,0.85,0.025,1,2330901210
9,3,0.85,0.025,2,2330902219
9,3,0.85,0.025,3,2330903228
9,3,0.85,0.025,4,2330904237
9,3,0.85,0.025,5,2330905246
9,3,0.85,0.025,6,2330906255
9,3,0.85,0.025,7,2330907264
9,3,0.85,0.025,8,2330908273
9,3,0.85,0.025,9,2330909282
9,3,0.85,0.025,10,2330910291
9,3,0.85,0.05,1,2330901210
9,3,0.85,0.05,2,2330902219
9,3,0.85,0.05,3,2330903228
9,3,0.85,0.05,4,2330904237
9,3,0.85,0.05,5,2330905246
9,3,0.85,0.05,6,2330906255
9,3,0.85,0.05,7,2330907264
9,3,0.85,0.05,8,2330908273
9,3,0.85,0.05,9,2330909282
9,3,0.85,0.05,10,2330910291
9,3,0.8875,0.025,1,2330901210
9,3,0.8875,0.025,2,2330902219
9,3,0.8875,0.025,3,2330903228
9,3,0.8875,0.025,4,2330904237
9,3,0.8875,0.025,5,2330905246
9,3,0.8875,0.025,6,2330906255
9,3,0.8875,0.025,7,2330907264
9,3,0.8875,0.025,8,2330908273
9,3,0.8875,0.025,9,2330909282
9,3,0.8875,0.025,10,2330910291
10,1,0.9625,0.075,1,2331001210
10,1,0.9625,0.075,2,2331002219
10,1,0.9625,0.075,3,2331003228
10,1,0.9625,0.075,4,2331004237
10,1,0.9625,0.075,5,2331005246
10,1,0.9625,0.075,6,2331006255
10,1,0.9625,0.075,7,2331007264
10,1,0.9625,0.075,8,2331008273
10,1,0.9625,0.075,9,2331009282
10,1,0.9625,0.075,10,2331010291
10,2,0.85,0.025,1,2331001210
10,2,0.85,0.025,2,2331002219
10,2,0.85,0.025,3,2331003228
10,2,0.85,0.025,4,2331004237
10,2,0.85,0.025,5,2331005246
10,2,0.85,0.025,6,2331006255
10,2,0.85,0.025,7,2331007264
10,2,0.85,0.025,8,2331008273
10,2,0.85,0.025,9,2331009282
10,2,0.85,0.025,10,2331010291
10,2,0.85,0.05,1,2331001210
10,2,0.85,0.05,2,2331002219
10,2,0.85,0.05,3,2331003228
10,2,0.85,0.05,4,2331004237
10,2,0.85,0.05,5,2331005246
10,2,0.85,0.05,6,2331006255
10,2,0.85,0.05,7,2331007264
10,2,0.85,0.05,8,2331008273
10,2,0.85,0.05,9,2331009282
10,2,0.85,0.05,10,2331010291
10,2,0.85,0.075,1,2331001210
10,2,0.85,0.075,2,2331002219
10,2,0.85,0.075,3,2331003228
10,2,0.85,0.075,4,2331004237
10,2,0.85,0.075,5,2331005246
10,2,0.85,0.075,6,2331006255
10,2,0.85,0.075,7,2331007264
10,2,0.85,0.075,8,2331008273
10,2,0.85,0.075,9,2331009282
10,2,0.85,0.075,10,2331010291
10,2,0.8875,0.025,1,2331001210
10,2,0.8875,0.025,2,2331002219
10,2,0.8875,0.025,3,2331003228
10,2,0.8875,0.025,4,2331004237
10,2,0.8875,0.025,5,2331005246
10,2,0.8875,0.025,6,2331006255
10,2,0.8875,0.025,7,2331007264
10,2,0.8875,0.025,8,2331008273
10,2,0.8875,0.025,9,2331009282
10,2,0.8875,0.025,10,2331010291
10,2,0.8875,0.05,1,2331001210
10,2,0.8875,0.05,2,2331002219
10,2,0.8875,0.05,3,2331003228
10,2,0.8875,0.05,4,2331004237
10,2,0.8875,0.05,5,2331005246
10,2,0.8875,0.05,6,2331006255
10,2,0.8875,0.05,7,2331007264
10,2,0.8875,0.05,8,2331008273
10,2,0.8875,0.05,9,2331009282
10,2,0.8875,0.05,10,2331010291
10,2,0.8875,0.075,1,2331001210
10,2,0.8875,0.075,2,2331002219
10,2,0.8875,0.075,3,2331003228
10,2,0.8875,0.075,4,2331004237
10,2,0.8875,0.075,5,2331005246
10,2,0.8875,0.075,6,2331006255
10,2,0.8875,0.075,7,2331007264
10,2,0.8875,0.075,8,2331008273
10,2,0.8875,0.075,9,2331009282
10,2,0.8875,0.075,10,2331010291
10,3,0.85,0.025,1,2331001210
10,3,0.85,0.025,2,2331002219
10,3,0.85,0.025,3,2331003228
10,3,0.85,0.025,4,2331004237
10,3,0.85,0.025,5,2331005246
10,3,0.85,0.025,6,2331006255
10,3,0.85,0.025,7,2331007264
10,3,0.85,0.025,8,2331008273
10,3,0.85,0.025,9,2331009282
10,3,0.85,0.025,10,2331010291
10,3,0.85,0.05,1,2331001210
10,3,0.85,0.05,2,2331002219
10,3,0.85,0.05,3,2331003228
10,3,0.85,0.05,4,2331004237
10,3,0.85,0.05,5,2331005246
10,3,0.85,0.05,6,2331006255
10,3,0.85,0.05,7,2331007264
10,3,0.85,0.05,8,2331008273
10,3,0.85,0.05,9,2331009282
10,3,0.85,0.05,10,2331010291
