target,holdouts,mean_signed_excess_pp,median_signed_excess_pp,mean_clipped_regret_pp,worst_signed_excess_pp,best_signed_excess_pp,near_opt_count,exact_oracle_count,near_opt_rate_pct
1,84,-0.09622454699660017,-0.1406512765632166,0.0017836212607654281,0.04280691025837027,-0.1406512765632166,84,11,100.0
2,84,0.2574407043209741,0.4123869385252184,0.2574407043209741,0.41391997547140885,0.0,34,23,40.476190476190474
3,84,0.09417654695557995,0.021087513179695736,0.09417654695557995,0.9865943666214791,0.0,78,34,92.85714285714286
4,84,-0.1430132827875698,-0.15860912002440142,0.00853322875589156,0.3583956077474455,-0.34924508159219153,82,36,97.61904761904762
5,84,0.03374942209893667,0.0,0.0968384366442619,0.4884241971620613,-0.3047050037341299,62,37,73.80952380952381
6,84,0.07801334819642143,0.0,0.10731078145543932,0.8538415366146459,-0.061524609843937574,70,22,83.33333333333334
7,84,0.21849330805904993,0.21109770808202655,0.21913952553277039,0.364897466827503,-0.0180940892641737,62,1,73.80952380952381
8,84,0.09873232569478303,0.10684077756343673,0.09988058140603029,0.21664935450363557,-0.09645347974476925,84,0,100.0
9,84,0.25037976850167953,0.3452149168788378,0.2842558320317793,0.47326643702261495,-0.28455893365283813,39,0,46.42857142857143
10,84,0.6854375717637661,0.5556387599221208,0.6854375717637661,1.3524037741500674,0.4148569716938745,0,0,0.0
