split_id,cal1,cal2,cal3,transfer_pop_mult,transfer_pc,transfer_pm,mean_signed_excess_pp,mean_clipped_regret_pp,worst_signed_excess_pp,near_opt_count,near_opt_rate_pct
1,1,2,3,2,0.85,0.025,0.30171480217618596,0.3346131224010275,0.9689980530178224,3,42.857142857142854
2,1,2,4,2,0.85,0.075,0.10002002269782806,0.1335205028002499,0.4148569716938745,5,71.42857142857143
3,1,2,5,2,0.85,0.075,0.08428195729816924,0.1335205028002499,0.4148569716938745,5,71.42857142857143
4,1,2,6,2,0.85,0.075,0.0507814771957474,0.1335205028002499,0.4148569716938745,5,71.42857142857143
5,1,2,7,2,0.85,0.075,0.0061924715090336336,0.08893149711353614,0.4148569716938745,6,85.71428571428571
6,1,2,8,2,0.85,0.075,0.04103013638638612,0.12376916199088862,0.4148569716938745,5,71.42857142857143
7,1,2,9,2,0.8875,0.075,0.3940486272325791,0.4106304353327913,1.0019469821776248,3,42.857142857142854
8,1,2,10,2,0.85,0.05,0.10424004468916295,0.11302927466686831,0.47326643702261495,6,85.71428571428571
9,1,3,4,2,0.85,0.075,0.09700752081501438,0.13050800091743622,0.4148569716938745,5,71.42857142857143
10,1,3,5,2,0.8875,0.05,0.2631908743798328,0.2858493200976044,0.9824771604013778,5,71.42857142857143
11,1,3,6,2,0.85,0.025,0.3252571465574899,0.3581554667823314,0.9689980530178224,2,28.57142857142857
12,1,3,7,2,0.85,0.075,0.0031799696262199617,0.08591899523072245,0.4148569716938745,6,85.71428571428571
13,1,3,8,2,0.85,0.025,0.31960307139001803,0.3525013916148595,0.9689980530178224,2,28.57142857142857
14,1,3,9,2,0.85,0.025,0.3088319325128656,0.34173025273770713,0.9689980530178224,3,42.857142857142854
15,1,3,10,2,0.85,0.05,0.16315246447847986,0.1719416944561852,0.47326643702261495,5,71.42857142857143
16,1,4,5,2,0.85,0.075,0.1335205028002499,0.1335205028002499,0.4148569716938745,5,71.42857142857143
17,1,4,6,2,0.85,0.075,0.10002002269782806,0.1335205028002499,0.4148569716938745,5,71.42857142857143
18,1,4,7,2,0.85,0.075,0.05543101701111429,0.08893149711353614,0.4148569716938745,6,85.71428571428571
19,1,4,8,2,0.85,0.075,0.09026868188846678,0.12376916199088862,0.4148569716938745,5,71.42857142857143
20,1,4,9,2,0.85,0.075,0.08311764994702038,0.11661813004944223,0.4148569716938745,5,71.42857142857143
21,1,4,10,2,0.85,0.05,0.16315246447847986,0.1719416944561852,0.47326643702261495,5,71.42857142857143
22,1,5,6,2,0.85,0.075,0.08428195729816924,0.1335205028002499,0.4148569716938745,5,71.42857142857143
23,1,5,7,2,0.85,0.075,0.03969295161145549,0.08893149711353614,0.4148569716938745,6,85.71428571428571
24,1,5,8,2,0.85,0.075,0.07453061648880796,0.12376916199088862,0.4148569716938745,5,71.42857142857143
25,1,5,9,2,0.85,0.075,0.06737958454736158,0.11661813004944223,0.4148569716938745,5,71.42857142857143
26,1,5,10,2,0.85,0.05,0.16315246447847986,0.1719416944561852,0.47326643702261495,5,71.42857142857143
27,1,6,7,2,0.85,0.075,0.0061924715090336336,0.08893149711353614,0.4148569716938745,6,85.71428571428571
28,1,6,8,2,0.85,0.075,0.04103013638638612,0.12376916199088862,0.4148569716938745,5,71.42857142857143
29,1,6,9,2,0.85,0.075,0.033879104444939724,0.11661813004944223,0.4148569716938745,5,71.42857142857143
30,1,6,10,2,0.85,0.05,0.1719416944561852,0.1719416944561852,0.47326643702261495,5,71.42857142857143
31,1,7,8,2,0.85,0.075,-0.003558869300327648,0.07918015630417485,0.4148569716938745,6,85.71428571428571
32,1,7,9,2,0.85,0.075,-0.010709901241774036,0.07202912436272846,0.4148569716938745,6,85.71428571428571
33,1,7,10,2,0.85,0.05,0.13299564903819036,0.14178487901589573,0.47326643702261495,5,71.42857142857143
34,1,8,9,2,0.8875,0.075,0.4332323080187014,0.43603504758394657,1.0019469821776248,3,42.857142857142854
35,1,8,10,2,0.85,0.05,0.14788949625513176,0.15667872623283713,0.47326643702261495,5,71.42857142857143
36,1,9,10,2,0.85,0.05,0.09554297347524916,0.10433220345295453,0.4123869385252184,6,85.71428571428571
37,2,3,4,3,0.85,0.025,0.19945294557240892,0.25648441706045605,0.9899655533922419,4,57.14285714285714
38,2,3,5,2,0.85,0.05,0.16352397088329212,0.19240624037002843,0.5556387599221208,5,71.42857142857143
39,2,3,6,3,0.85,0.025,0.100684097524682,0.20760772352589937,0.9899655533922419,5,71.42857142857143
40,2,3,7,3,0.85,0.025,0.13900590565513737,0.24592953165635473,0.9899655533922419,4,57.14285714285714
41,2,3,8,3,0.85,0.025,0.14002143591964614,0.2469450619208635,0.9899655533922419,4,57.14285714285714
42,2,3,9,2,0.85,0.05,0.09591447988006141,0.12479674936679773,0.5556387599221208,6,85.71428571428571
43,2,3,10,2,0.85,0.05,0.084147005180132,0.11302927466686831,0.47326643702261495,6,85.71428571428571
44,2,4,5,2,0.85,0.05,0.16352397088329212,0.19240624037002843,0.5556387599221208,5,71.42857142857143
45,2,4,6,2,0.8875,0.025,0.2120784743439068,0.2120784743439068,0.6380110828216266,5,71.42857142857143
46,2,4,7,2,0.85,0.075,0.05543101701111429,0.08893149711353614,0.4148569716938745,6,85.71428571428571
47,2,4,8,2,0.8875,0.025,0.19735160973589666,0.19735160973589666,0.6380110828216266,5,71.42857142857143
48,2,4,9,2,0.85,0.05,0.09591447988006141,0.12479674936679773,0.5556387599221208,6,85.71428571428571
49,2,4,10,2,0.85,0.05,0.084147005180132,0.11302927466686831,0.47326643702261495,6,85.71428571428571
50,2,5,6,2,0.8875,0.05,0.24058929798757975,0.2722022504430717,0.9824771604013778,5,71.42857142857143
51,2,5,7,2,0.85,0.075,0.03969295161145549,0.08893149711353614,0.4148569716938745,6,85.71428571428571
52,2,5,8,2,0.8875,0.05,0.2428168652911849,0.27442981774667685,0.9824771604013778,5,71.42857142857143
53,2,5,9,2,0.8875,0.05,0.21240328728170774,0.24401623973719966,0.9824771604013778,6,85.71428571428571
54,2,5,10,2,0.85,0.05,0.084147005180132,0.11302927466686831,0.47326643702261495,6,85.71428571428571
55,2,6,7,3,0.85,0.025,0.2310712644950777,0.33799489049629505,0.9899655533922419,4,57.14285714285714
56,2,6,8,2,0.85,0.075,0.04103013638638612,0.12376916199088862,0.4148569716938745,5,71.42857142857143
57,2,6,9,2,0.8875,0.05,0.1401482250092793,0.21529046371250407,0.9824771604013778,6,85.71428571428571
58,2,6,10,2,0.85,0.05,0.09293623515783736,0.11302927466686831,0.47326643702261495,6,85.71428571428571
59,2,7,8,3,0.85,0.025,0.2704086028900418,0.3773322288912592,0.9899655533922419,3,42.857142857142854
60,2,7,9,2,0.85,0.075,-0.010709901241774036,0.07202912436272846,0.4148569716938745,6,85.71428571428571
61,2,7,10,2,0.85,0.05,0.0539901897398425,0.0828724592265788,0.47326643702261495,6,85.71428571428571
62,2,8,9,2,0.8875,0.075,0.41088533221457263,0.41368807177981776,1.0019469821776248,3,42.857142857142854
63,2,8,10,2,0.85,0.05,0.0688840369567839,0.09776630644352022,0.47326643702261495,6,85.71428571428571
64,2,9,10,2,0.85,0.05,0.0165375141769013,0.045419783663637615,0.21109770808202655,7,100.0
65,3,4,5,2,0.85,0.05,0.222436390672609,0.25131866015934534,0.5556387599221208,4,57.14285714285714
66,3,4,6,2,0.85,0.05,0.2312256206503144,0.25131866015934534,0.5556387599221208,4,57.14285714285714
67,3,4,7,3,0.85,0.025,0.24802948523565171,0.3050609567236989,0.9899655533922419,3,42.857142857142854
68,3,4,8,2,0.85,0.05,0.20717342244926093,0.23605569193599724,0.5556387599221208,4,57.14285714285714
69,3,4,9,2,0.85,0.05,0.15482689966937832,0.18370916915611463,0.5556387599221208,5,71.42857142857143
70,3,4,10,2,0.85,0.05,0.14305942496944893,0.1719416944561852,0.47326643702261495,5,71.42857142857143
71,3,5,6,2,0.85,0.05,0.2312256206503144,0.25131866015934534,0.5556387599221208,4,57.14285714285714
72,3,5,7,2,0.85,0.075,0.036680449728641804,0.08591899523072245,0.4148569716938745,6,85.71428571428571
73,3,5,8,2,0.85,0.05,0.20717342244926093,0.23605569193599724,0.5556387599221208,4,57.14285714285714
74,3,5,9,2,0.85,0.05,0.15482689966937832,0.18370916915611463,0.5556387599221208,5,71.42857142857143
75,3,5,10,2,0.85,0.05,0.14305942496944893,0.1719416944561852,0.47326643702261495,5,71.42857142857143
76,3,6,7,3,0.85,0.025,0.14926063718792482,0.25618426318914217,0.9899655533922419,4,57.14285714285714
77,3,6,8,2,0.85,0.05,0.21596265242696627,0.23605569193599724,0.5556387599221208,4,57.14285714285714
78,3,6,9,2,0.85,0.05,0.1636161296470837,0.18370916915611463,0.5556387599221208,5,71.42857142857143
79,3,6,10,2,0.85,0.05,0.1518486549471543,0.1719416944561852,0.47326643702261495,5,71.42857142857143
80,3,7,8,3,0.85,0.025,0.1885979755828889,0.2955216015841063,0.9899655533922419,3,42.857142857142854
81,3,7,9,3,0.85,0.05,0.411344300927667,0.4146203399780525,1.3524037741500674,3,42.857142857142854
82,3,7,10,2,0.85,0.05,0.11290260952915941,0.14178487901589573,0.47326643702261495,5,71.42857142857143
83,3,8,9,2,0.85,0.05,0.13956393144603021,0.16844620093276652,0.5556387599221208,5,71.42857142857143
84,3,8,10,2,0.85,0.05,0.12779645674610082,0.15667872623283713,0.47326643702261495,5,71.42857142857143
85,3,9,10,2,0.85,0.05,0.07544993396621821,0.10433220345295453,0.4123869385252184,6,85.71428571428571
86,4,5,6,2,0.85,0.05,0.2312256206503144,0.25131866015934534,0.5556387599221208,4,57.14285714285714
87,4,5,7,2,0.85,0.075,0.08893149711353614,0.08893149711353614,0.4148569716938745,6,85.71428571428571
88,4,5,8,2,0.85,0.05,0.20717342244926093,0.23605569193599724,0.5556387599221208,4,57.14285714285714
89,4,5,9,2,0.85,0.05,0.15482689966937832,0.18370916915611463,0.5556387599221208,5,71.42857142857143
90,4,5,10,2,0.85,0.05,0.14305942496944893,0.1719416944561852,0.47326643702261495,5,71.42857142857143
91,4,6,7,2,0.85,0.075,0.05543101701111429,0.08893149711353614,0.4148569716938745,6,85.71428571428571
92,4,6,8,2,0.8875,0.025,0.24487453910211984,0.24487453910211984,0.6380110828216266,4,57.14285714285714
93,4,6,9,2,0.85,0.05,0.1636161296470837,0.18370916915611463,0.5556387599221208,5,71.42857142857143
94,4,6,10,2,0.85,0.05,0.1518486549471543,0.1719416944561852,0.47326643702261495,5,71.42857142857143
95,4,7,8,3,0.85,0.05,0.3931688842177263,0.3964449232681117,1.3524037741500674,4,57.14285714285714
96,4,7,9,3,0.85,0.05,0.3932824491032681,0.3965584881536536,1.3524037741500674,4,57.14285714285714
97,4,7,10,2,0.85,0.05,0.11290260952915941,0.14178487901589573,0.47326643702261495,5,71.42857142857143
98,4,8,9,3,0.85,0.05,0.3824711799450632,0.38574721899544867,1.3524037741500674,4,57.14285714285714
99,4,8,10,2,0.85,0.05,0.12779645674610082,0.15667872623283713,0.47326643702261495,5,71.42857142857143
100,4,9,10,2,0.85,0.05,0.07544993396621821,0.10433220345295453,0.4123869385252184,6,85.71428571428571
101,5,6,7,2,0.85,0.075,0.03969295161145549,0.08893149711353614,0.4148569716938745,6,85.71428571428571
102,5,6,8,2,0.8875,0.05,0.22547936372390373,0.25709231617939565,0.9824771604013778,5,71.42857142857143
103,5,6,9,2,0.8875,0.05,0.1950657857144266,0.2266787381699185,0.9824771604013778,6,85.71428571428571
104,5,6,10,2,0.85,0.05,0.1518486549471543,0.1719416944561852,0.47326643702261495,5,71.42857142857143
105,5,7,8,2,0.85,0.075,0.0299416108020942,0.07918015630417485,0.4148569716938745,6,85.71428571428571
106,5,7,9,2,0.85,0.075,0.022790578860647805,0.07202912436272846,0.4148569716938745,6,85.71428571428571
107,5,7,10,2,0.85,0.05,0.11290260952915941,0.14178487901589573,0.47326643702261495,5,71.42857142857143
108,5,8,9,2,0.8875,0.05,0.1972933530180317,0.22890630547352364,0.9824771604013778,6,85.71428571428571
109,5,8,10,2,0.85,0.05,0.12779645674610082,0.15667872623283713,0.47326643702261495,5,71.42857142857143
110,5,9,10,2,0.85,0.05,0.07544993396621821,0.10433220345295453,0.4123869385252184,6,85.71428571428571
111,6,7,8,3,0.85,0.025,0.28066333442282926,0.3875869604240466,0.9899655533922419,3,42.857142857142854
112,6,7,9,2,0.85,0.075,-0.010709901241774036,0.07202912436272846,0.4148569716938745,6,85.71428571428571
113,6,7,10,2,0.85,0.05,0.12169183950686478,0.14178487901589573,0.47326643702261495,5,71.42857142857143
114,6,8,9,2,0.8875,0.05,0.12503829074560327,0.20018052944882805,0.9824771604013778,6,85.71428571428571
115,6,8,10,2,0.85,0.05,0.1365856867238062,0.15667872623283713,0.47326643702261495,5,71.42857142857143
116,6,9,10,2,0.85,0.05,0.08423916394392358,0.10433220345295453,0.4123869385252184,6,85.71428571428571
117,7,8,9,3,0.85,0.05,0.4336705524804125,0.436946591530798,1.3524037741500674,3,42.857142857142854
118,7,8,10,2,0.85,0.05,0.0976396413058113,0.12652191079254763,0.47326643702261495,5,71.42857142857143
119,7,9,10,2,0.85,0.05,0.045293118525928704,0.07417538801266502,0.4123869385252184,6,85.71428571428571
120,8,9,10,2,0.85,0.05,0.060186965742870115,0.08906923522960643,0.4123869385252184,6,85.71428571428571
