split_id,cal1,cal2,cal3,holdouts,pop_mult,Ps,pc,pm,best_mean_regret_pp,chosen_mean_regret_pp,chosen_worst_regret_pp,admissible_count
1,1,2,3,4-5-6-7-8-9-10,2,200,0.85,0.025,0.10995631872270194,0.23851840784432965,0.2440126525079188,8
2,1,2,4,3-5-6-7-8-9-10,2,200,0.85,0.075,0.0655787707793226,0.0655787707793226,0.1967363123379678,8
3,1,2,5,3-4-6-7-8-9-10,2,200,0.85,0.075,0.09410007468260168,0.09410007468260168,0.282300224047805,10
4,1,2,6,3-4-5-7-8-9-10,2,200,0.85,0.075,0.0,0.0,0.0,5
5,1,2,7,3-4-5-6-8-9-10,2,200,0.85,0.075,0.07237635705669755,0.07237635705669755,0.21712907117009267,5
6,1,2,8,3-4-5-6-7-9-10,2,200,0.85,0.075,0.039076025127366264,0.039076025127366264,0.11722807538209878,10
7,1,2,9,3-4-5-6-7-8-10,2,200,0.8875,0.075,0.08586690629524146,0.09685841910204795,0.12570902958761027,10
8,1,2,10,3-4-5-6-7-8-9,2,200,0.85,0.05,0.20767809894663455,0.3034535552829036,0.37456046476073995,6
9,1,3,4,2-5-6-7-8-9-10,2,200,0.85,0.075,0.12485348825357999,0.17553508950202454,0.3298689561681058,7
10,1,3,5,2-4-6-7-8-9-10,2,200,0.8875,0.05,0.12485348825357999,0.2274676472399387,0.32716709983182446,4
11,1,3,6,2-4-5-7-8-9-10,2,200,0.85,0.025,0.10995631872270194,0.2138008709752187,0.2440126525079188,7
12,1,3,7,2-4-5-6-8-9-10,2,200,0.85,0.075,0.1823326757793995,0.1823326757793995,0.3298689561681058,8
13,1,3,8,2-4-5-6-7-9-10,2,200,0.85,0.025,0.1490323438500682,0.16866039305976108,0.2440126525079188,8
14,1,3,9,2-4-5-6-7-8-10,2,200,0.85,0.025,0.1958232250179434,0.24763917790200407,0.2695821476711098,10
15,1,3,10,2-4-5-6-7-8-9,2,200,0.85,0.05,0.22220259713481405,0.22220259713481405,0.37456046476073995,5
16,1,4,5,2-3-6-7-8-9-10,2,200,0.85,0.075,0.12485348825357999,0.15967884546192426,0.282300224047805,5
17,1,4,6,2-3-5-7-8-9-10,2,200,0.85,0.075,0.0655787707793226,0.0655787707793226,0.1967363123379678,5
18,1,4,7,2-3-5-6-8-9-10,2,200,0.85,0.075,0.13795512783602015,0.13795512783602015,0.21712907117009267,7
19,1,4,8,2-3-5-6-7-9-10,2,200,0.85,0.075,0.10465479590668886,0.10465479590668886,0.1967363123379678,8
20,1,4,9,2-3-5-6-7-8-10,2,200,0.85,0.075,0.15144567707456405,0.15144567707456405,0.2576007188857244,8
21,1,4,10,2-3-5-6-7-8-9,2,200,0.85,0.05,0.22220259713481405,0.22220259713481405,0.37456046476073995,4
22,1,5,6,2-3-4-7-8-9-10,2,200,0.85,0.075,0.09410007468260168,0.09410007468260168,0.282300224047805,6
23,1,5,7,2-3-4-6-8-9-10,2,200,0.85,0.075,0.16647643173929924,0.16647643173929924,0.282300224047805,7
24,1,5,8,2-3-4-6-7-9-10,2,200,0.85,0.075,0.13317609980996795,0.13317609980996795,0.282300224047805,7
25,1,5,9,2-3-4-6-7-8-10,2,200,0.85,0.075,0.16993579434877518,0.17996698097784314,0.282300224047805,8
26,1,5,10,2-3-4-6-7-8-9,2,200,0.85,0.05,0.22220259713481405,0.22220259713481405,0.37456046476073995,3
27,1,6,7,2-3-4-5-8-9-10,2,200,0.85,0.075,0.07237635705669755,0.07237635705669755,0.21712907117009267,5
28,1,6,8,2-3-4-5-7-9-10,2,200,0.85,0.075,0.039076025127366264,0.039076025127366264,0.11722807538209878,6
29,1,6,9,2-3-4-5-7-8-10,2,200,0.85,0.075,0.08586690629524146,0.08586690629524146,0.2576007188857244,6
30,1,6,10,2-3-4-5-7-8-9,2,200,0.85,0.05,0.20767809894663455,0.2952318088194898,0.37456046476073995,4
31,1,7,8,2-3-4-5-6-9-10,2,200,0.85,0.075,0.11145238218406382,0.11145238218406382,0.21712907117009267,8
32,1,7,9,2-3-4-5-6-8-10,2,200,0.85,0.075,0.15824326335193903,0.15824326335193903,0.2576007188857244,10
33,1,7,10,2-3-4-5-6-8-9,2,200,0.85,0.05,0.28005445600333206,0.36293440252283177,0.4221954161640531,5
34,1,8,9,2-3-4-5-6-7-10,2,200,0.8875,0.075,0.06583734028763812,0.06583734028763812,0.0853676800958487,6
35,1,8,10,2-3-4-5-6-7-9,2,200,0.85,0.05,0.2467541240740008,0.2860102837351981,0.37456046476073995,6
36,1,9,10,2-3-4-5-6-7-8,2,200,0.85,0.05,0.293545005241876,0.3005811104391914,0.37456046476073995,6
37,2,3,4,1-5-6-7-8-9-10,3,300,0.85,0.025,0.08125095814808951,0.16220625388696475,0.24100015062509414,7
38,2,3,5,1-4-6-7-8-9-10,2,200,0.85,0.05,0.08125095814808951,0.08125095814808951,0.24375287444426855,7
39,2,3,6,1-4-5-7-8-9-10,3,300,0.85,0.025,0.1064519100570097,0.1064519100570097,0.24100015062509414,7
40,2,3,7,1-4-5-6-8-9-10,3,300,0.85,0.025,0.14123361526020348,0.14123361526020348,0.24100015062509414,9
41,2,3,8,1-4-5-6-7-9-10,3,300,0.85,0.025,0.1270656647317551,0.15667069173795542,0.24100015062509414,11
42,2,3,9,1-4-5-6-7-8-10,2,200,0.85,0.05,0.15962947145246684,0.15962947145246684,0.24375287444426855,11
43,2,3,10,1-4-5-6-7-8-9,2,200,0.85,0.05,0.1786000670293236,0.1786000670293236,0.29204732664370225,8
44,2,4,5,1-3-6-7-8-9-10,2,200,0.85,0.05,0.08125095814808951,0.08125095814808951,0.24375287444426855,6
45,2,4,6,1-3-5-7-8-9-10,2,200,0.8875,0.025,0.0655787707793226,0.07218834530386835,0.19357743097239713,7
46,2,4,7,1-3-5-6-8-9-10,2,200,0.85,0.075,0.1376629789098041,0.13795512783602015,0.21712907117009267,9
47,2,4,8,1-3-5-6-7-9-10,2,200,0.8875,0.025,0.046738560107102235,0.046738560107102235,0.11722807538209878,10
48,2,4,9,1-3-5-6-7-8-10,2,200,0.85,0.05,0.1444505136128528,0.15962947145246684,0.24375287444426855,9
49,2,4,10,1-3-5-6-7-8-9,2,200,0.85,0.05,0.1786000670293236,0.1786000670293236,0.29204732664370225,10
50,2,5,6,1-3-4-7-8-9-10,2,200,0.8875,0.05,0.09410007468260168,0.10764754559569538,0.20258103241296518,8
51,2,5,7,1-3-4-6-8-9-10,2,200,0.85,0.075,0.15722950141783212,0.16647643173929924,0.282300224047805,11
52,2,5,8,1-3-4-6-7-9-10,2,200,0.8875,0.05,0.08315362575442363,0.08315362575442363,0.12909927288915,10
53,2,5,9,1-3-4-6-7-8-10,2,200,0.8875,0.05,0.09154083332864178,0.09154083332864178,0.15426089561180442,9
54,2,5,10,1-3-4-6-7-8-9,2,200,0.85,0.05,0.1786000670293236,0.1786000670293236,0.29204732664370225,6
55,2,6,7,1-3-4-5-8-9-10,3,300,0.85,0.025,0.07237635705669755,0.08190863507984905,0.16737032569361224,8
56,2,6,8,1-3-4-5-7-9-10,2,200,0.85,0.075,0.039076025127366264,0.039076025127366264,0.11722807538209878,10
57,2,6,9,1-3-4-5-7-8-10,2,200,0.8875,0.05,0.08586690629524146,0.14960804826539795,0.20258103241296518,9
58,2,6,10,1-3-4-5-7-8-9,2,200,0.85,0.05,0.20767809894663455,0.2516292787139993,0.29204732664370225,9
59,2,7,8,1-3-4-5-6-9-10,3,300,0.85,0.025,0.09273286242531652,0.13212741676079479,0.21368155512686804,11
60,2,7,9,1-3-4-5-6-8-10,2,200,0.85,0.075,0.15324139657729416,0.15824326335193903,0.2576007188857244,14
61,2,7,10,1-3-4-5-6-8-9,2,200,0.85,0.05,0.28005445600333206,0.3193318724173413,0.4221954161640531,12
62,2,8,9,1-3-4-5-6-7-10,2,200,0.8875,0.075,0.08124083427594657,0.08124083427594657,0.12570902958761027,13
63,2,8,10,1-3-4-5-6-7-9,2,200,0.85,0.05,0.2424077536297076,0.2424077536297076,0.29204732664370225,9
64,2,9,10,1-3-4-5-6-7-8,2,200,0.85,0.05,0.25481330245034467,0.2569785803337009,0.29204732664370225,10
65,3,4,5,1-2-6-7-8-9-10,2,200,0.85,0.05,0.0,0.0,0.0,2
66,3,4,6,1-2-5-7-8-9-10,2,200,0.85,0.05,0.0730292116846757,0.0730292116846757,0.2190876350540271,6
67,3,4,7,1-2-5-6-8-9-10,3,300,0.85,0.025,0.12997082623710973,0.21288623929753414,0.24100015062509414,6
68,3,4,8,1-2-5-6-7-9-10,2,200,0.85,0.05,0.06380768660038401,0.06380768660038401,0.19142305980115204,7
69,3,4,9,1-2-5-6-7-8-10,2,200,0.85,0.05,0.0783785133043773,0.0783785133043773,0.2351355399131319,6
70,3,4,10,1-2-5-6-7-8-9,2,200,0.85,0.05,0.09734910888123409,0.09734910888123409,0.29204732664370225,5
71,3,5,6,1-2-4-7-8-9-10,2,200,0.85,0.05,0.0730292116846757,0.0730292116846757,0.2190876350540271,7
72,3,5,7,1-2-4-6-8-9-10,2,200,0.85,0.075,0.1407318053880177,0.27643275046200116,0.3298689561681058,6
73,3,5,8,1-2-4-6-7-9-10,2,200,0.85,0.05,0.06380768660038401,0.06380768660038401,0.19142305980115204,6
74,3,5,9,1-2-4-6-7-8-10,2,200,0.85,0.05,0.0783785133043773,0.0783785133043773,0.2351355399131319,4
75,3,5,10,1-2-4-6-7-8-9,2,200,0.85,0.05,0.09734910888123409,0.09734910888123409,0.29204732664370225,3
76,3,6,7,1-2-4-5-8-9-10,3,300,0.85,0.025,0.15713189546757908,0.15713189546757908,0.24100015062509414,8
77,3,6,8,1-2-4-5-7-9-10,2,200,0.85,0.05,0.1368368982850597,0.1368368982850597,0.2190876350540271,7
78,3,6,9,1-2-4-5-7-8-10,2,200,0.85,0.05,0.151407724989053,0.151407724989053,0.2351355399131319,7
79,3,6,10,1-2-4-5-7-8-9,2,200,0.85,0.05,0.17037832056590976,0.17037832056590976,0.29204732664370225,5
80,3,7,8,1-2-4-5-6-9-10,3,300,0.85,0.025,0.11616303817542523,0.20735067714852481,0.24100015062509414,7
81,3,7,9,1-2-4-5-6-8-10,3,300,0.85,0.05,0.14082261965259948,0.14082261965259948,0.2846814279259007,9
82,3,7,10,1-2-4-5-6-8-9,2,200,0.85,0.05,0.2380809142692518,0.2380809142692518,0.4221954161640531,4
83,3,8,9,1-2-4-5-6-7-10,2,200,0.85,0.05,0.1421861999047613,0.1421861999047613,0.2351355399131319,10
84,3,8,10,1-2-4-5-6-7-9,2,200,0.85,0.05,0.1611567954816181,0.1611567954816181,0.29204732664370225,5
85,3,9,10,1-2-4-5-6-7-8,2,200,0.85,0.05,0.17572762218561136,0.17572762218561136,0.29204732664370225,3
86,4,5,6,1-2-3-7-8-9-10,2,200,0.85,0.05,0.0730292116846757,0.0730292116846757,0.2190876350540271,6
87,4,5,7,1-2-3-6-8-9-10,2,200,0.85,0.075,0.1407318053880177,0.23205520251862186,0.282300224047805,7
88,4,5,8,1-2-3-6-7-9-10,2,200,0.85,0.05,0.06380768660038401,0.06380768660038401,0.19142305980115204,7
89,4,5,9,1-2-3-6-7-8-10,2,200,0.85,0.05,0.0783785133043773,0.0783785133043773,0.2351355399131319,5
90,4,5,10,1-2-3-6-7-8-9,2,200,0.85,0.05,0.09734910888123409,0.09734910888123409,0.29204732664370225,2
91,4,6,7,1-2-3-5-8-9-10,2,200,0.85,0.075,0.13795512783602015,0.13795512783602015,0.21712907117009267,8
92,4,6,8,1-2-3-5-7-9-10,2,200,0.8875,0.025,0.10411019801568126,0.10411019801568126,0.19357743097239713,8
93,4,6,9,1-2-3-5-7-8-10,2,200,0.85,0.05,0.151407724989053,0.151407724989053,0.2351355399131319,10
94,4,6,10,1-2-3-5-7-8-9,2,200,0.85,0.05,0.17037832056590976,0.17037832056590976,0.29204732664370225,4
95,4,7,8,1-2-3-5-6-9-10,3,300,0.85,0.05,0.056346245795267834,0.056346245795267834,0.10523105078542848,8
96,4,7,9,1-2-3-5-6-8-10,3,300,0.85,0.05,0.0810058272724421,0.0810058272724421,0.13778643103189783,7
97,4,7,10,1-2-3-5-6-8-9,2,200,0.85,0.05,0.2380809142692518,0.2380809142692518,0.4221954161640531,7
98,4,8,9,1-2-3-5-6-7-10,3,300,0.85,0.05,0.10227505613923378,0.10227505613923378,0.13778643103189783,9
99,4,8,10,1-2-3-5-6-7-9,2,200,0.85,0.05,0.1611567954816181,0.1611567954816181,0.29204732664370225,5
100,4,9,10,1-2-3-5-6-7-8,2,200,0.85,0.05,0.17572762218561136,0.17572762218561136,0.29204732664370225,5
101,5,6,7,1-2-3-4-8-9-10,2,200,0.85,0.075,0.16647643173929924,0.16647643173929924,0.282300224047805,8
102,5,6,8,1-2-3-4-7-9-10,2,200,0.8875,0.05,0.1200198976349373,0.1200198976349373,0.20258103241296518,9
103,5,6,9,1-2-3-4-7-8-10,2,200,0.8875,0.05,0.12840710520915544,0.12840710520915544,0.20258103241296518,9
104,5,6,10,1-2-3-4-7-8-9,2,200,0.85,0.05,0.17037832056590976,0.17037832056590976,0.29204732664370225,3
105,5,7,8,1-2-3-4-6-9-10,2,200,0.85,0.075,0.16960185345707404,0.20555245686666548,0.282300224047805,11
106,5,7,9,1-2-3-4-6-8-10,2,200,0.85,0.075,0.1779890610312922,0.25234333803454073,0.282300224047805,12
107,5,7,10,1-2-3-4-6-8-9,2,200,0.85,0.05,0.2380809142692518,0.2380809142692518,0.4221954161640531,4
108,5,8,9,1-2-3-4-6-7-10,2,200,0.8875,0.05,0.1039131853678837,0.1039131853678837,0.15426089561180442,9
109,5,8,10,1-2-3-4-6-7-9,2,200,0.85,0.05,0.1611567954816181,0.1611567954816181,0.29204732664370225,4
110,5,9,10,1-2-3-4-6-7-8,2,200,0.85,0.05,0.17572762218561136,0.17572762218561136,0.29204732664370225,3
111,6,7,8,1-2-3-4-5-9-10,3,300,0.85,0.025,0.11145238218406382,0.1480256969681704,0.21368155512686804,12
112,6,7,9,1-2-3-4-5-8-10,2,200,0.85,0.075,0.15824326335193903,0.15824326335193903,0.2576007188857244,11
113,6,7,10,1-2-3-4-5-8-9,2,200,0.85,0.05,0.28005445600333206,0.31111012595392745,0.4221954161640531,8
114,6,8,9,1-2-3-4-5-7-10,2,200,0.8875,0.05,0.12494293142260772,0.16198040030463987,0.20258103241296518,10
115,6,8,10,1-2-3-4-5-7-9,2,200,0.85,0.05,0.23418600716629379,0.23418600716629379,0.29204732664370225,7
116,6,9,10,1-2-3-4-5-7-8,2,200,0.85,0.05,0.2487568338702871,0.2487568338702871,0.29204732664370225,7
117,7,8,9,1-2-3-4-5-6-10,3,300,0.85,0.05,0.06719803921075762,0.06719803921075762,0.13778643103189783,9
118,7,8,10,1-2-3-4-5-6-9,2,200,0.85,0.05,0.3018886008696358,0.3018886008696358,0.4221954161640531,11
119,7,9,10,1-2-3-4-5-6-8,2,200,0.85,0.05,0.31645942757362905,0.31645942757362905,0.4221954161640531,10
120,8,9,10,1-2-3-4-5-6-7,2,200,0.85,0.05,0.2395353087859954,0.2395353087859954,0.29204732664370225,9
