target_index,target_id,n,m,matrix_file,archived_sha256,recovered_sha256,sha_match,archived_NEH,recovered_NEH,NEH_match
1,T01_30x5,30,5,Target01_30x5.csv,f2c9a7a1d8048a552ef76ba04c316679a2f45ec8e9dae62faefbe3b00a075007,f2c9a7a1d8048a552ef76ba04c316679a2f45ec8e9dae62faefbe3b00a075007,True,1790,1790,True
2,T02_30x10,30,10,Target02_30x10.csv,24dda8f74833c8a9aa2cf9ce0e660be0009ca1d667304f37a40085b7d2bad9e5,24dda8f74833c8a9aa2cf9ce0e660be0009ca1d667304f37a40085b7d2bad9e5,True,2123,2123,True
3,T03_30x15,30,15,Target03_30x15.csv,dd9334e85738ff0a29281333c0476cd2c3915804be5493f10a23e296a6daa9f4,dd9334e85738ff0a29281333c0476cd2c3915804be5493f10a23e296a6daa9f4,True,2597,2597,True
4,T04_30x20,30,20,Target04_30x20.csv,91ddc0cdcf472f33d7a28788df68fc6f4ff6a32f8e1fa5507c4a7b890ac4db26,91ddc0cdcf472f33d7a28788df68fc6f4ff6a32f8e1fa5507c4a7b890ac4db26,True,2789,2789,True
5,T05_40x5,40,5,Target05_40x5.csv,e33cf228496d3a8af238e42bf89c4853020a2304088e7b3ce1df04a5eb1ff80a,e33cf228496d3a8af238e42bf89c4853020a2304088e7b3ce1df04a5eb1ff80a,True,2470,2470,True
6,T06_40x10,40,10,Target06_40x10.csv,e551ebf53cf04395608dfa87485adcc224285e79bc18cf24c07d48f604fa498b,e551ebf53cf04395608dfa87485adcc224285e79bc18cf24c07d48f604fa498b,True,2640,2640,True
7,T07_40x15,40,15,Target07_40x15.csv,36b831bdd2867db5a4222a0d7a97a4fff0dd93d1aced0a9d3ce10fd0942db984,36b831bdd2867db5a4222a0d7a97a4fff0dd93d1aced0a9d3ce10fd0942db984,True,2970,2970,True
8,T08_40x20,40,20,Target08_40x20.csv,3ae9196bf7c65e72440db5b6ec5f6e967086c5efb7644b064b09d4d5d5203f28,3ae9196bf7c65e72440db5b6ec5f6e967086c5efb7644b064b09d4d5d5203f28,True,3412,3412,True
9,T09_60x5,60,5,Target09_60x5.csv,07729b8d78ea2f1b5de81b006f123240e6eebb712d6a24029df049ef09c97ed8,07729b8d78ea2f1b5de81b006f123240e6eebb712d6a24029df049ef09c97ed8,True,3588,3588,True
10,T10_60x10,60,10,Target10_60x10.csv,3cf50b5e8b0d6b1972a83e023a62f24195cd7acff18a23a274c7c4267f6e26c5,3cf50b5e8b0d6b1972a83e023a62f24195cd7acff18a23a274c7c4267f6e26c5,True,3689,3689,True
11,T11_60x15,60,15,Target11_60x15.csv,642eaaa5b1576b53f753a3add9758f599108172d71a14d763c89a266662c3b99,642eaaa5b1576b53f753a3add9758f599108172d71a14d763c89a266662c3b99,True,4034,4034,True
12,T12_60x20,60,20,Target12_60x20.csv,6b815dce5b7e05e838dd17e6625c4aaba0f1d187aeb33b25559dabc0b0a7eb8b,6b815dce5b7e05e838dd17e6625c4aaba0f1d187aeb33b25559dabc0b0a7eb8b,True,4516,4516,True
13,T13_70x5,70,5,Target13_70x5.csv,97a4449a2b96887d201f89087957857bb0ed04931221260a7ad3aec707a50295,97a4449a2b96887d201f89087957857bb0ed04931221260a7ad3aec707a50295,True,3685,3685,True
14,T14_70x10,70,10,Target14_70x10.csv,9551a53629feb65e420f27b633208b9c452b85702263ebf16f5e02ea605bcc99,9551a53629feb65e420f27b633208b9c452b85702263ebf16f5e02ea605bcc99,True,4157,4157,True
15,T15_70x15,70,15,Target15_70x15.csv,c7032a419c8a2b3fcf8b96924b5c617fffce6e0e5382191bc391de2a0d967053,c7032a419c8a2b3fcf8b96924b5c617fffce6e0e5382191bc391de2a0d967053,True,4615,4615,True
16,T16_70x20,70,20,Target16_70x20.csv,6d595e02ff5cfbc48c8e1eb6f7dda438db7d1427122beef6910c8b3ada91e98b,6d595e02ff5cfbc48c8e1eb6f7dda438db7d1427122beef6910c8b3ada91e98b,True,4994,4994,True
17,T17_80x5,80,5,Target17_80x5.csv,4a7a1b91a97a8e2abe9f52137a9a93bb3ce22ed51245981cc68a4393bd164882,4a7a1b91a97a8e2abe9f52137a9a93bb3ce22ed51245981cc68a4393bd164882,True,4411,4411,True
18,T18_80x10,80,10,Target18_80x10.csv,ac67883f9d709447f0b53f0fd214b940ec2a14ec4a6d525b2a09ad4ba9216d7f,ac67883f9d709447f0b53f0fd214b940ec2a14ec4a6d525b2a09ad4ba9216d7f,True,4598,4598,True
19,T19_80x15,80,15,Target19_80x15.csv,79db37cf91d58c8201327d723894c0940889db67f249f948aa0c6e23a45a74a3,79db37cf91d58c8201327d723894c0940889db67f249f948aa0c6e23a45a74a3,True,5661,5661,True
20,T20_80x20,80,20,Target20_80x20.csv,41fdd102a1b20e90dcb521b62e37a9f9adf0c95410e80943e05d41d0a1b291cf,41fdd102a1b20e90dcb521b62e37a9f9adf0c95410e80943e05d41d0a1b291cf,True,5707,5707,True
21,T21_90x5,90,5,Target21_90x5.csv,ff36d87d2037f7476467d7808e4b612f2b2102398a3a5c010e466013d46113af,ff36d87d2037f7476467d7808e4b612f2b2102398a3a5c010e466013d46113af,True,4886,4886,True
22,T22_90x10,90,10,Target22_90x10.csv,5cbbaf8028d813a9e39647a405b76c2bb43564c35ed331b1ab290f3aec4b3543,5cbbaf8028d813a9e39647a405b76c2bb43564c35ed331b1ab290f3aec4b3543,True,5501,5501,True
23,T23_90x15,90,15,Target23_90x15.csv,06e1a2af0fbb3575d83ed88afb8280cfb4ea56ffa40cb64dfdf9312c77007406,06e1a2af0fbb3575d83ed88afb8280cfb4ea56ffa40cb64dfdf9312c77007406,True,5809,5809,True
24,T24_90x20,90,20,Target24_90x20.csv,d387669a3434bb417d63aefd379e6679ef5e29ab9ed0437bab652df5cb148979,d387669a3434bb417d63aefd379e6679ef5e29ab9ed0437bab652df5cb148979,True,6051,6051,True
