target_index,target_id,n,m,matrix_seed,matrix_file,archived_sha256,recovered_int16_sha256,int16_sha_match,uint16_sha256,uint16_same_values,uint16_sha_match,default_int64_sha256,default_int64_sha_match,archived_NEH
1,T01_30x5,30,5,2026112706,Target01_30x5.csv,f2c9a7a1d8048a552ef76ba04c316679a2f45ec8e9dae62faefbe3b00a075007,f2c9a7a1d8048a552ef76ba04c316679a2f45ec8e9dae62faefbe3b00a075007,True,f2c9a7a1d8048a552ef76ba04c316679a2f45ec8e9dae62faefbe3b00a075007,True,True,3a58f2b44e61382de0a3cc3c1ce4de6bd0d963ced5b0928eff046ed20f22287d,False,1790
2,T02_30x10,30,10,2026112711,Target02_30x10.csv,24dda8f74833c8a9aa2cf9ce0e660be0009ca1d667304f37a40085b7d2bad9e5,24dda8f74833c8a9aa2cf9ce0e660be0009ca1d667304f37a40085b7d2bad9e5,True,24dda8f74833c8a9aa2cf9ce0e660be0009ca1d667304f37a40085b7d2bad9e5,True,True,9c361d07e125d6a33eb32775868f6de19fd3aad856d014d6d576bac7baa41181,False,2123
3,T03_30x15,30,15,2026112716,Target03_30x15.csv,dd9334e85738ff0a29281333c0476cd2c3915804be5493f10a23e296a6daa9f4,dd9334e85738ff0a29281333c0476cd2c3915804be5493f10a23e296a6daa9f4,True,dd9334e85738ff0a29281333c0476cd2c3915804be5493f10a23e296a6daa9f4,True,True,e1918be2529583ea1d766893e8f0fa35cfa4372b3046d226fe6a18a7f0347d58,False,2597
4,T04_30x20,30,20,2026112721,Target04_30x20.csv,91ddc0cdcf472f33d7a28788df68fc6f4ff6a32f8e1fa5507c4a7b890ac4db26,91ddc0cdcf472f33d7a28788df68fc6f4ff6a32f8e1fa5507c4a7b890ac4db26,True,91ddc0cdcf472f33d7a28788df68fc6f4ff6a32f8e1fa5507c4a7b890ac4db26,True,True,9ea771b823f66619d01b3963589dbb80062b78747c5d5643c3dbb0117ef0b98b,False,2789
5,T05_40x5,40,5,2026122706,Target05_40x5.csv,e33cf228496d3a8af238e42bf89c4853020a2304088e7b3ce1df04a5eb1ff80a,e33cf228496d3a8af238e42bf89c4853020a2304088e7b3ce1df04a5eb1ff80a,True,e33cf228496d3a8af238e42bf89c4853020a2304088e7b3ce1df04a5eb1ff80a,True,True,0b1280538658604f2fc491ba246492fa7a9da1156b7dd22aef3c0a2bcca4d4e5,False,2470
6,T06_40x10,40,10,2026122711,Target06_40x10.csv,e551ebf53cf04395608dfa87485adcc224285e79bc18cf24c07d48f604fa498b,e551ebf53cf04395608dfa87485adcc224285e79bc18cf24c07d48f604fa498b,True,e551ebf53cf04395608dfa87485adcc224285e79bc18cf24c07d48f604fa498b,True,True,4d40cfd2fcfcc71f73403fe1b744de7a37b12d6f20da947aa7e9b71d7933365e,False,2640
7,T07_40x15,40,15,2026122716,Target07_40x15.csv,36b831bdd2867db5a4222a0d7a97a4fff0dd93d1aced0a9d3ce10fd0942db984,36b831bdd2867db5a4222a0d7a97a4fff0dd93d1aced0a9d3ce10fd0942db984,True,36b831bdd2867db5a4222a0d7a97a4fff0dd93d1aced0a9d3ce10fd0942db984,True,True,3e0b7e27f42753f924b0b7c73b87d1f2eb2301fa46b7689c6e6e83f087bd4b06,False,2970
8,T08_40x20,40,20,2026122721,Target08_40x20.csv,3ae9196bf7c65e72440db5b6ec5f6e967086c5efb7644b064b09d4d5d5203f28,3ae9196bf7c65e72440db5b6ec5f6e967086c5efb7644b064b09d4d5d5203f28,True,3ae9196bf7c65e72440db5b6ec5f6e967086c5efb7644b064b09d4d5d5203f28,True,True,9470dd36e0def05f3df645103cd370b4ef7b8cf00f4ae54e5424513844aa2539,False,3412
9,T09_60x5,60,5,2026142706,Target09_60x5.csv,07729b8d78ea2f1b5de81b006f123240e6eebb712d6a24029df049ef09c97ed8,07729b8d78ea2f1b5de81b006f123240e6eebb712d6a24029df049ef09c97ed8,True,07729b8d78ea2f1b5de81b006f123240e6eebb712d6a24029df049ef09c97ed8,True,True,2934568072d502e38c3dcc6272c6eb221aad5a3cfd23d759366253b20614ed8a,False,3588
10,T10_60x10,60,10,2026142711,Target10_60x10.csv,3cf50b5e8b0d6b1972a83e023a62f24195cd7acff18a23a274c7c4267f6e26c5,3cf50b5e8b0d6b1972a83e023a62f24195cd7acff18a23a274c7c4267f6e26c5,True,3cf50b5e8b0d6b1972a83e023a62f24195cd7acff18a23a274c7c4267f6e26c5,True,True,3a449531d4c3c307b72e1171f2c769cfca10483ee96e39191166372ea693fab2,False,3689
11,T11_60x15,60,15,2026142716,Target11_60x15.csv,642eaaa5b1576b53f753a3add9758f599108172d71a14d763c89a266662c3b99,642eaaa5b1576b53f753a3add9758f599108172d71a14d763c89a266662c3b99,True,642eaaa5b1576b53f753a3add9758f599108172d71a14d763c89a266662c3b99,True,True,d2bd84567a1e348a98ecc4154d3415679173ef1d3912b7a1188b2d61270eb71b,False,4034
12,T12_60x20,60,20,2026142721,Target12_60x20.csv,6b815dce5b7e05e838dd17e6625c4aaba0f1d187aeb33b25559dabc0b0a7eb8b,6b815dce5b7e05e838dd17e6625c4aaba0f1d187aeb33b25559dabc0b0a7eb8b,True,6b815dce5b7e05e838dd17e6625c4aaba0f1d187aeb33b25559dabc0b0a7eb8b,True,True,cfa72995f936eb530588cb124fd0cc899faeb8d86753c88dc03f13827bf4bea5,False,4516
13,T13_70x5,70,5,2026152706,Target13_70x5.csv,97a4449a2b96887d201f89087957857bb0ed04931221260a7ad3aec707a50295,97a4449a2b96887d201f89087957857bb0ed04931221260a7ad3aec707a50295,True,97a4449a2b96887d201f89087957857bb0ed04931221260a7ad3aec707a50295,True,True,82f3d9aa76c6da6f74eb303a4b9a6d6c0b36fa4b440cc7217594ccf100b4e263,False,3685
14,T14_70x10,70,10,2026152711,Target14_70x10.csv,9551a53629feb65e420f27b633208b9c452b85702263ebf16f5e02ea605bcc99,9551a53629feb65e420f27b633208b9c452b85702263ebf16f5e02ea605bcc99,True,9551a53629feb65e420f27b633208b9c452b85702263ebf16f5e02ea605bcc99,True,True,a1b4d4f398e85e0b9d13558af569492fdaf99c5dda1cd4da07192150bf1315cc,False,4157
15,T15_70x15,70,15,2026152716,Target15_70x15.csv,c7032a419c8a2b3fcf8b96924b5c617fffce6e0e5382191bc391de2a0d967053,c7032a419c8a2b3fcf8b96924b5c617fffce6e0e5382191bc391de2a0d967053,True,c7032a419c8a2b3fcf8b96924b5c617fffce6e0e5382191bc391de2a0d967053,True,True,17e547f261db4cd05bb7df5b69920fe3b675aef9f93173b8c10d23d2a3263bb1,False,4615
16,T16_70x20,70,20,2026152721,Target16_70x20.csv,6d595e02ff5cfbc48c8e1eb6f7dda438db7d1427122beef6910c8b3ada91e98b,6d595e02ff5cfbc48c8e1eb6f7dda438db7d1427122beef6910c8b3ada91e98b,True,6d595e02ff5cfbc48c8e1eb6f7dda438db7d1427122beef6910c8b3ada91e98b,True,True,dfbad82b1e5bfe83bdd9b531aef0d47b320a6944381628135b84dd733aae6e25,False,4994
17,T17_80x5,80,5,2026162706,Target17_80x5.csv,4a7a1b91a97a8e2abe9f52137a9a93bb3ce22ed51245981cc68a4393bd164882,4a7a1b91a97a8e2abe9f52137a9a93bb3ce22ed51245981cc68a4393bd164882,True,4a7a1b91a97a8e2abe9f52137a9a93bb3ce22ed51245981cc68a4393bd164882,True,True,506a28d4cbc2d4dd6510c6116de41784dbec61f4ecf3b09f8f16688b097a020d,False,4411
18,T18_80x10,80,10,2026162711,Target18_80x10.csv,ac67883f9d709447f0b53f0fd214b940ec2a14ec4a6d525b2a09ad4ba9216d7f,ac67883f9d709447f0b53f0fd214b940ec2a14ec4a6d525b2a09ad4ba9216d7f,True,ac67883f9d709447f0b53f0fd214b940ec2a14ec4a6d525b2a09ad4ba9216d7f,True,True,c244b70ee95651d5851ea92c6b58fe844f93f3af38d938263ade0d1481f78c51,False,4598
19,T19_80x15,80,15,2026162716,Target19_80x15.csv,79db37cf91d58c8201327d723894c0940889db67f249f948aa0c6e23a45a74a3,79db37cf91d58c8201327d723894c0940889db67f249f948aa0c6e23a45a74a3,True,79db37cf91d58c8201327d723894c0940889db67f249f948aa0c6e23a45a74a3,True,True,972a475e92b6da0c355e49137a5b58db0d7fb74fd24780619217431c5919af7e,False,5661
20,T20_80x20,80,20,2026162721,Target20_80x20.csv,41fdd102a1b20e90dcb521b62e37a9f9adf0c95410e80943e05d41d0a1b291cf,41fdd102a1b20e90dcb521b62e37a9f9adf0c95410e80943e05d41d0a1b291cf,True,41fdd102a1b20e90dcb521b62e37a9f9adf0c95410e80943e05d41d0a1b291cf,True,True,f862dcef67318214781545c4077b0cc404aa000b3f86563dfb671f13aa052530,False,5707
21,T21_90x5,90,5,2026172706,Target21_90x5.csv,ff36d87d2037f7476467d7808e4b612f2b2102398a3a5c010e466013d46113af,ff36d87d2037f7476467d7808e4b612f2b2102398a3a5c010e466013d46113af,True,ff36d87d2037f7476467d7808e4b612f2b2102398a3a5c010e466013d46113af,True,True,91da514a154905b9ffc8e77bbc7727dd00c3409377c8ed4563670b83f55a4092,False,4886
22,T22_90x10,90,10,2026172711,Target22_90x10.csv,5cbbaf8028d813a9e39647a405b76c2bb43564c35ed331b1ab290f3aec4b3543,5cbbaf8028d813a9e39647a405b76c2bb43564c35ed331b1ab290f3aec4b3543,True,5cbbaf8028d813a9e39647a405b76c2bb43564c35ed331b1ab290f3aec4b3543,True,True,a805ed84b805cd1ec128ab3440c102ab53c381340971ffaa0fd9d0950fa5c880,False,5501
23,T23_90x15,90,15,2026172716,Target23_90x15.csv,06e1a2af0fbb3575d83ed88afb8280cfb4ea56ffa40cb64dfdf9312c77007406,06e1a2af0fbb3575d83ed88afb8280cfb4ea56ffa40cb64dfdf9312c77007406,True,06e1a2af0fbb3575d83ed88afb8280cfb4ea56ffa40cb64dfdf9312c77007406,True,True,2e84d4d4785739b3feefabf3fb2c54b653f4efe284dfc71a46f9d232d3acd468,False,5809
24,T24_90x20,90,20,2026172721,Target24_90x20.csv,d387669a3434bb417d63aefd379e6679ef5e29ab9ed0437bab652df5cb148979,d387669a3434bb417d63aefd379e6679ef5e29ab9ed0437bab652df5cb148979,True,d387669a3434bb417d63aefd379e6679ef5e29ab9ed0437bab652df5cb148979,True,True,c7640f89235d533d2488c7d3f003e60aea9b9965b676372212bfdfd72ed64f66,False,6051
