17,76,57,54,71,86,4,4,63,35
77,61,44,88,67,36,71,72,41,71
98,32,19,44,53,87,89,47,16,64
99,92,22,8,37,19,11,91,46,88
52,15,51,8,95,28,24,71,20,12
43,86,68,32,41,35,5,56,83,91
16,5,46,70,13,18,34,50,58,9
8,50,73,4,31,97,70,11,80,40
39,52,8,79,31,17,2,22,70,71
46,68,47,8,71,9,22,61,24,44
50,34,74,44,37,51,27,1,9,58
18,91,88,29,77,30,25,1,94,56
65,82,92,41,93,98,68,76,17,84
62,1,91,22,27,5,36,71,79,55
94,27,62,15,3,4,80,4,78,64
97,36,99,87,54,16,23,27,33,96
49,95,71,36,4,38,28,33,41,76
12,90,5,18,70,10,62,51,6,45
23,77,2,78,79,91,99,69,70,55
24,90,3,81,21,46,5,47,36,53
91,2,44,82,52,45,4,54,13,96
92,42,43,29,32,42,30,46,28,42
93,40,96,64,80,99,28,26,4,45
5,47,38,40,52,44,57,51,33,54
34,7,92,26,4,40,62,35,37,6
21,45,72,34,89,84,39,41,12,38
29,35,81,91,85,29,26,48,40,99
3,15,56,97,86,58,30,16,74,46
28,39,12,49,3,88,84,26,2,4
89,99,91,6,1,46,30,51,87,85
25,42,89,57,92,48,84,53,89,18
24,47,13,21,72,1,81,27,68,12
64,14,54,27,32,76,72,11,11,1
80,62,62,1,2,40,47,31,96,4
92,28,62,3,45,24,83,57,17,49
54,1,28,71,10,76,26,89,97,15
80,31,40,68,70,44,92,71,46,90
75,69,51,48,39,19,40,27,66,76
77,55,22,84,14,99,36,84,10,38
26,50,41,66,49,54,30,87,83,79
50,41,42,82,93,96,31,22,11,9
32,37,57,1,38,83,18,73,98,56
45,47,34,74,91,74,55,89,77,91
11,11,40,83,84,69,5,16,24,86
85,76,64,52,23,70,21,91,75,85
60,2,4,31,85,71,62,80,28,81
5,37,72,50,99,5,78,63,23,29
94,87,80,54,67,78,65,42,70,78
55,79,28,7,78,19,85,66,4,47
40,38,15,93,43,65,89,33,28,31
11,7,89,66,53,59,25,60,68,30
2,14,38,59,17,52,39,94,95,85
49,96,85,54,76,36,46,72,67,81
18,58,53,7,9,62,34,64,68,81
40,22,20,16,77,45,52,8,25,27
71,48,74,87,22,88,23,89,73,13
30,49,3,12,50,72,68,36,57,84
37,21,64,63,53,66,20,35,40,56
12,66,79,56,71,35,96,17,93,61
22,51,75,76,76,43,75,4,65,45
